log_aum	eff_RS	eff_FS	ratio_RS	ratio_FS
-2.0	1.6115519454770614e-05	1.597202389271937e-05	0.7774483246850209	0.7782309048364752
-1.9	2.558635719720118e-05	2.5295393212257772e-05	0.7798415332454312	0.7806790106242886
-1.8	4.0520553548388616e-05	3.9963287702686954e-05	0.7805386364618924	0.7820041867506675
-1.7	6.413583445873895e-05	6.300026975002324e-05	0.7811453633039389	0.7826235854543016
-1.6	0.00010140943313359512	9.915332284905835e-05	0.7813836224849554	0.7831884740286756
-1.5	0.00016013196247844123	0.0001557223850283908	0.7811386716811486	0.7836457608958165
-1.4	0.00025264693886622026	0.00024399540019447524	0.7809503732202896	0.7842252194606234
-1.3	0.000398098976266116	0.00038108175315858283	0.7806671348742029	0.7847340702512005
-1.2	0.0006262273947319675	0.0005928348418682414	0.7802302430909822	0.7851984260903314
-1.1	0.0009831391362581639	0.0009181590043207013	0.7797587288881483	0.7860042322229558
-1.0	0.0015394070412392549	0.0014139252738578495	0.7791807797312709	0.7871150974451553
-0.9	0.00240299578356594	0.0021617455355111754	0.7787268206401765	0.7885102470218098
-0.8	0.0037340574248397435	0.0032763615657175863	0.7780213783146738	0.7904121693541618
-0.7	0.005771272365719758	0.004912954933922487	0.7773995324332865	0.792996239310426
-0.6	0.008858191048076001	0.007271306656786865	0.7769262427647095	0.7963879161220871
-0.5	0.01347700400972144	0.010593527294453304	0.7767926412473191	0.8008186627797145
-0.4	0.02027932654467817	0.0151538321337372	0.7773230255844553	0.8069080974431151
-0.3	0.030089384374160963	0.021208638219559706	0.7786521486547062	0.8146523903734542
-0.2	0.04390042346148744	0.028958122604754367	0.7815106328431157	0.8246281173333095
-0.1	0.06274356928534892	0.038453752213120855	0.7861038916237763	0.8369499403388277
0.0	0.08758286691644598	0.04956853452197684	0.7933114948521146	0.8521929421487654
0.1	0.11899624467078086	0.06191871242540475	0.8033516775728567	0.8701181990559307
0.2	0.1570123433647134	0.0749491442057019	0.8166330457663994	0.8906945729485395
0.3	0.20082463303246528	0.08793267920637773	0.8327616895211256	0.9127760303271618
0.4	0.2489090178948729	0.10028134600942659	0.8512271697570051	0.936294922981062
0.5	0.29916717880995103	0.11136795933303524	0.8710432728493868	0.9592494750789269
0.6	0.3492210028804822	0.12095752199986937	0.8908283976645858	0.981458956108479
0.7	0.3969903070958896	0.12897008211311542	0.9095845323119782	1.002306022162972
0.8	0.44084211341459767	0.13496990039901444	0.9264381697569659	1.0174690674418816
0.9	0.47978340902951294	0.1396754725844653	0.9409151068841759	1.0309613146360512
1.0	0.5134549732618094	0.1428436635152885	0.952949513904967	1.0393020405682891
1.1	0.5419729616521086	0.1452165577853897	0.9627282139091746	1.046416539381954
1.2	0.5657479082892556	0.14685458340948104	0.9705548609856018	1.051460341776389
1.3	0.5853358536137712	0.1480688338445767	0.9767622436149397	1.0556972701539862
1.4	0.6013308438657414	0.14877985479266811	0.9816577246076403	1.0578560609823178
1.5	0.6143157497757562	0.14921531246580572	0.9855245374506797	1.0590650124207077
1.6	0.6248008849314048	0.1494623895444273	0.9885698443619639	1.0596019798074445
1.7	0.6332361993655968	0.14966390973827182	0.9909689985758717	1.0602494349625446
1.8	0.6399993142475887	0.14978218123154424	0.992854368622739	1.0605875227591197
1.9	0.645416313305754	0.14987003318379324	0.994347073390582	1.0608907401021597
2.0	0.6497452374510262	0.14990781380544171	0.9955259965958153	1.0609552426835314
