log_aum	Tf	t_max	lfac_A	lfac_x_b	lfac_alpha	lfac_s	ShSt_A	ShSt_x_b	ShSt_alpha	ShSt_s	nu_A	nu_x_b	nu_alpha	nu_s	L_A	L_x_b	L_alpha	L_s	xi_k	xi_sat	xi_s
-2.000000000000000000e+00	9.055688425790410889e+00	9.306948920680075389e+03	1.000481527263846759e+00	2.102769985665005059e+00	0.000000000000000000e+00	3.008066746462088603e-01	8.069165566615789098e-01	2.220510969391899181e+00	3.645326208065293727e-01	2.936149902563344183e-01	5.877788355887184624e-01	2.205684167530603812e+00	9.267977329789475194e-01	2.971486124595693057e-01	7.289390295631282823e-01	2.158076726075863760e+00	5.353100510408624890e-01	3.087519367430467954e-01	2.997728202096432426e-01	1.403818391463494075e+00	9.445202673394162973e-01
-1.899999999999999911e+00	9.194734337962328752e+00	7.316747296408221700e+03	1.000571484099292530e+00	2.003237184581049046e+00	-1.192296583933409463e-03	3.226238925198003371e-01	8.161202365143720439e-01	2.118696204153798668e+00	3.855765773707663935e-01	3.176643490028994155e-01	6.001998807706246941e-01	2.126567264809326119e+00	9.591090600855530779e-01	3.167140200647358683e-01	7.495392975609894703e-01	2.051509491792641526e+00	5.911830712927399478e-01	3.416746528445841480e-01	3.016478580576563706e-01	1.259996277100871254e+00	1.186329724072505254e+00
-1.800000000000000044e+00	9.194734337962328752e+00	5.769682624532640148e+03	1.000751499416491885e+00	2.111734669752234339e+00	-1.388830299664454244e-03	3.116205754301900610e-01	8.112686672637214880e-01	2.205518272745596420e+00	3.637873136252067763e-01	3.098379597668322605e-01	5.949725267271547269e-01	2.175223832599161078e+00	9.222336046820220901e-01	3.132965484147811619e-01	7.463465810981176896e-01	2.145204158728290622e+00	5.697499619389890801e-01	3.394297370931656510e-01	2.998631954429516466e-01	1.273822265217196881e+00	1.153814135009470832e+00
-1.699999999999999956e+00	9.194734337962328752e+00	4.573906535337384412e+03	1.000912365301297902e+00	2.035439502718975113e+00	-1.815852968180881348e-03	3.273421938682941068e-01	8.235657673145811986e-01	2.038040405678828826e+00	4.002589147491246169e-01	3.378405988997373322e-01	6.116732956261300425e-01	2.049181584686144308e+00	9.882500095913285820e-01	3.346477104280725645e-01	7.603713547665355010e-01	2.045705562784066345e+00	6.046464570197153110e-01	3.687195581560991364e-01	2.985463489645597823e-01	1.256995220858385442e+00	1.164508971176543950e+00
-1.600000000000000089e+00	9.166755396910655662e+00	3.635470837447795020e+03	1.001147950263070241e+00	2.040614038250169404e+00	-2.290036109935144823e-03	3.285788505760726674e-01	8.201123563059563581e-01	2.089076340470815474e+00	3.885754497682754605e-01	3.329683628494521375e-01	6.059372068596132754e-01	2.092062634643260477e+00	9.616643707607827052e-01	3.307415799909492193e-01	7.625076921957865128e-01	2.050981980643175273e+00	6.124841673927595709e-01	3.725353081094749941e-01	2.962270383548166741e-01	1.242663822055106504e+00	1.168123279013796756e+00
-1.500000000000000000e+00	9.166755396910655662e+00	2.899165386010573911e+03	1.001453448462047646e+00	2.040587021474105534e+00	-2.880548358596001987e-03	3.262264401940380698e-01	8.182278118856560756e-01	2.103305230474792342e+00	3.849306598837799465e-01	3.288896381588012896e-01	6.045357090823219037e-01	2.090889086442601741e+00	9.613841739374460182e-01	3.295379889564628573e-01	7.627492688063204351e-01	2.044206945266306974e+00	6.193132075269893733e-01	3.697850400083522726e-01	2.959587853678918301e-01	1.260106659483529956e+00	1.154980952637937985e+00
-1.399999999999999911e+00	9.138861593842703357e+00	2.319671435547288183e+03	1.001839076614812640e+00	2.043193264492754846e+00	-3.636441203989519092e-03	3.243224667580933973e-01	8.160972501494306863e-01	2.124539415163705591e+00	3.814344573068110811e-01	3.245702520842235761e-01	6.027092377135517820e-01	2.094968276211853997e+00	9.621629271553621132e-01	3.278825108798571475e-01	7.618954358209489852e-01	2.052870896488621977e+00	6.211145107667959131e-01	3.708267240122261610e-01	2.952599242820139747e-01	1.260429665334065419e+00	1.149177290395454687e+00
-1.300000000000000044e+00	9.138861593842703357e+00	1.861940064079245985e+03	1.002333331961018814e+00	2.044971140427384260e+00	-4.560868833841565280e-03	3.231495296651731297e-01	8.171588923632575607e-01	2.095582352803073700e+00	3.886368400139457724e-01	3.272576391005885266e-01	6.039156230107457501e-01	2.071832758104125372e+00	9.775781438642864307e-01	3.301233380106353144e-01	7.611509058785959070e-01	2.048416699060664481e+00	6.248525209313713358e-01	3.706666325724669586e-01	2.959569708428160251e-01	1.274463698768736775e+00	1.137402154843343061e+00
-1.199999999999999956e+00	9.111052669689469141e+00	1.501933614949384946e+03	1.002957684306221786e+00	2.045153637740239727e+00	-5.776680083750579571e-03	3.208858962045879060e-01	8.127452979581020198e-01	2.140781400181556382e+00	3.790748669880557031e-01	3.190449552485580265e-01	5.977133688142313162e-01	2.101407197232009416e+00	9.628973927345972905e-01	3.246250002834212278e-01	7.598831032181154743e-01	2.047464635765531504e+00	6.279794738781442343e-01	3.715509698458573373e-01	2.961601707676410622e-01	1.277569345855529503e+00	1.130409656593085233e+00
-1.100000000000000089e+00	9.083328366170285051e+00	1.216441310829185113e+03	1.003758927362880637e+00	2.045028732004589234e+00	-7.292709120961539913e-03	3.185851223898319429e-01	8.118957934576469526e-01	2.130485264248307420e+00	3.829810126729803477e-01	3.178268427238866156e-01	5.960059586192846259e-01	2.092396858315820118e+00	9.730997361519837519e-01	3.237143723352928770e-01	7.580164478059362443e-01	2.043665604422788107e+00	6.329204646982939941e-01	3.706170352685104197e-01	2.966044258838392289e-01	1.284134321017553981e+00	1.120483680361382239e+00
-1.000000000000000000e+00	9.055688425790410889e+00	9.912688671383943984e+02	1.004818482497470633e+00	2.059448249721053337e+00	-9.186553831267121190e-03	3.113115871912691124e-01	8.078840011206958049e-01	2.159522876149285064e+00	3.798060015602076622e-01	3.083041908645556273e-01	5.914584612826473409e-01	2.099950616468698517e+00	9.780975820129059750e-01	3.186293179320917046e-01	7.554490747400206541e-01	2.043942354418892382e+00	6.404109297506471732e-01	3.680199183734057522e-01	2.968266295821345713e-01	1.299225925415081750e+00	1.114003229526796757e+00
-9.000000000000000222e-01	9.000660608384933425e+00	8.123022958725426861e+02	1.006090181896377667e+00	2.042040380990237214e+00	-1.176461727997858177e-02	3.112805755768024984e-01	8.089045061949463600e-01	2.115488992190720285e+00	3.932747245810682135e-01	3.116740517623229345e-01	5.923024972173147606e-01	2.065254525686268661e+00	1.008875492283030084e+00	3.211304068560676961e-01	7.533600748487542242e-01	2.038467649635746337e+00	6.480614887162671200e-01	3.691134894794739774e-01	2.971253427140280179e-01	1.295489525648840567e+00	1.109550956194521376e+00
-8.000000000000000444e-01	8.945967173143024809e+00	6.709879213366539261e+02	1.007818566684283379e+00	2.050436763439761556e+00	-1.479317404435350446e-02	3.062760479429785243e-01	8.040234256366629584e-01	2.145452901195668449e+00	3.879380221495331016e-01	3.039743747070530744e-01	5.841206554434824616e-01	2.088112590174433958e+00	1.001876418964358306e+00	3.149821076933885799e-01	7.496985197382836086e-01	2.034198490764240752e+00	6.542081392241576587e-01	3.688076187658906879e-01	2.984505797265988858e-01	1.314701124788065778e+00	1.086983282552934416e+00
-6.999999999999999556e-01	8.864549545417551357e+00	5.600352797658889585e+02	1.010124652819319957e+00	2.074431131374117943e+00	-1.844833097893164991e-02	2.977609054042654191e-01	7.989392390312607395e-01	2.171001637441456911e+00	3.852341574661685697e-01	2.947240621159313290e-01	5.764362947518165692e-01	2.100929533483644196e+00	1.004735123400821051e+00	3.090316344826686268e-01	7.452035480758334440e-01	2.032022356935744067e+00	6.616142352139071647e-01	3.676896422995313274e-01	2.994537062968123386e-01	1.315196443316775987e+00	1.075090808931299158e+00
-5.999999999999999778e-01	8.783872902984795061e+00	4.711027170116548177e+02	1.013092820775856939e+00	2.091301428607901691e+00	-2.318256128657569803e-02	2.885616368278260957e-01	7.942498038625559476e-01	2.182330378062702358e+00	3.874984206494252459e-01	2.860304014474281398e-01	5.702262377119513559e-01	2.095371338639985925e+00	1.023475438886172206e+00	3.045736389240258912e-01	7.401091755049796772e-01	2.030582314641233843e+00	6.710532461974410001e-01	3.664703808503151916e-01	3.010064102305782807e-01	1.340257273765595336e+00	1.056878920280215794e+00
-5.000000000000000000e-01	8.666382664228345689e+00	4.007822649998013276e+02	1.016793657412414342e+00	2.083858109441514728e+00	-2.968522194799567623e-02	2.809392994780078867e-01	7.906028711098209705e-01	2.168098110355164199e+00	3.977721815253965620e-01	2.789365230033575282e-01	5.681148502874786566e-01	2.051067410821104442e+00	1.075839099248366182e+00	3.032883934772965806e-01	7.343352144736103870e-01	2.024416612456085840e+00	6.893400542810051990e-01	3.602441265508516954e-01	3.015713292276638868e-01	1.356955401692043761e+00	1.041336818485663507e+00
-4.000000000000000222e-01	8.535586530621802837e+00	3.452791328971584903e+02	1.021253611338952538e+00	2.048563684492531678e+00	-3.841015603370300652e-02	2.810464615577583092e-01	7.883580350541453674e-01	2.133791968796118432e+00	4.111554402807152120e-01	2.789085682394381038e-01	5.642338945813278883e-01	2.018623339457375376e+00	1.115908274348796247e+00	3.039410494085251768e-01	7.285087744870014648e-01	2.018623335573115352e+00	6.977709939681957518e-01	3.630031419550741600e-01	3.046883536595705877e-01	1.382887602280295392e+00	1.014369705120108156e+00
-2.999999999999999889e-01	8.381234249400220548e+00	3.017646620132878184e+02	1.027501085934661607e+00	2.067231779475617426e+00	-4.778468007668307954e-02	2.717636975585918102e-01	7.819402524304774893e-01	2.149866113110630472e+00	4.121018718175469830e-01	2.695442185452238126e-01	5.530954223221072885e-01	2.028218476545637472e+00	1.128560198460249131e+00	2.967582352671659374e-01	7.215585697877699989e-01	2.011097402907484621e+00	7.139559585417585286e-01	3.596946179358663231e-01	3.068657642295169463e-01	1.434352989617097895e+00	9.786362108626346368e-01
-2.000000000000000111e-01	8.204680811528222151e+00	2.674769203217855988e+02	1.034388457938546280e+00	2.014951627893236896e+00	-6.246079736635215540e-02	2.723678358299483904e-01	7.807618320239834153e-01	2.093878425163126167e+00	4.348488645004437436e-01	2.706488829759712278e-01	5.476350492636722356e-01	1.998664947798198810e+00	1.175335234585418664e+00	2.954298343262035664e-01	7.155278892332407326e-01	2.000896570673153185e+00	7.301016612758262081e-01	3.607548437929373741e-01	3.104009783866532590e-01	1.473389573669802610e+00	9.506275577285613343e-01
-1.000000000000000056e-01	7.983137411028592645e+00	2.402782981788840004e+02	1.043697616788015203e+00	2.010174598969663773e+00	-7.840641459100072819e-02	2.635940071136307905e-01	7.756061673341057006e-01	2.086753782366617571e+00	4.438589235921482912e-01	2.617891189977005206e-01	5.387232640317778376e-01	1.986081034301586667e+00	1.212064750459528772e+00	2.889832650048555496e-01	7.082021658244660456e-01	1.988270132141513047e+00	7.534103815859893860e-01	3.535610395142366746e-01	3.126926111307890555e-01	1.531949687087040157e+00	9.207090423775178278e-01
0.000000000000000000e+00	7.720469690676713626e+00	2.190392932485397068e+02	1.053991266812575489e+00	1.972496564213878978e+00	-9.924485394660295667e-02	2.645223503312965629e-01	7.749558934209822558e-01	2.037988531985435614e+00	4.632351905190793540e-01	2.641017177397582127e-01	5.308139143999424103e-01	1.974531391507047928e+00	1.240555565404930061e+00	2.861822079227625548e-01	7.022045917567187878e-01	1.975597898022864785e+00	7.670974486162503991e-01	3.549479084207763369e-01	3.167913545823829446e-01	1.571808719508763330e+00	8.879125106492573583e-01
1.000000000000000056e-01	7.459180213468435738e+00	2.023801680231541127e+02	1.066619872697264659e+00	1.957893428579026152e+00	-1.222449494532178577e-01	2.593796487197868594e-01	7.761366690232721632e-01	1.976020040204876205e+00	4.892984293634864978e-01	2.651634131157830643e-01	5.236282944648523729e-01	1.959953074065694745e+00	1.274584661043665745e+00	2.810478607217039015e-01	6.962179229223103283e-01	1.959953074065694967e+00	7.859418024380712131e-01	3.501062589325094065e-01	3.205421961221085470e-01	1.622713122971853661e+00	8.615642046233313867e-01
2.000000000000000111e-01	7.192368425260871057e+00	1.894064159864680050e+02	1.080274746913659767e+00	1.941640772093684353e+00	-1.481883657114288766e-01	2.594283763682913024e-01	7.756345038366572187e-01	1.961041788512231987e+00	4.950903553529429901e-01	2.648887273224202477e-01	5.203944851813702144e-01	1.941640758506664621e+00	1.306166816818612464e+00	2.819514139368207717e-01	6.936960112965522285e-01	1.943619504632608574e+00	8.020762060025150575e-01	3.539470937921492810e-01	3.246062198087351636e-01	1.676881224815772287e+00	8.383267261429774297e-01
2.999999999999999889e-01	6.935100384260000084e+00	1.791851187173440962e+02	1.094812674301805178e+00	1.923985005421322780e+00	-1.761834195759166555e-01	2.586731291153990253e-01	7.784267496486499960e-01	1.923985005442062413e+00	5.066090542359010795e-01	2.660801659543761133e-01	5.178132601163010218e-01	1.926803752421694771e+00	1.330488270537483420e+00	2.795697152173924893e-01	6.909712254611722893e-01	1.927739967243096153e+00	8.152923768397664084e-01	3.514451051954661787e-01	3.281843063821699436e-01	1.789196029707714297e+00	7.990884330908081257e-01
4.000000000000000222e-01	6.707363485540896342e+00	1.711080105355258070e+02	1.108886538388961451e+00	1.905407075518317672e+00	-2.047359781394282874e-01	2.620677793773494302e-01	7.820153812887106204e-01	1.905407075518759541e+00	5.053582821441298112e-01	2.689224541931388712e-01	5.196477561994425898e-01	1.908933928474367159e+00	1.345216387291307214e+00	2.824671290568899207e-01	6.916750346055681176e-01	1.908933928473721897e+00	8.222880217952370785e-01	3.562419200730756463e-01	3.322860889119175765e-01	1.862391998695417383e+00	7.794725874048336056e-01
5.000000000000000000e-01	6.506826058478721642e+00	1.648998758607083914e+02	1.121692464304914649e+00	1.887515662760156587e+00	-2.335635779760075470e-01	2.658436554627312542e-01	7.876921810174930538e-01	1.887515662778092906e+00	5.020975352429497551e-01	2.720414120821353365e-01	5.251368644467174773e-01	1.890793995192721288e+00	1.357067191860046762e+00	2.858718685793092962e-01	6.948670772475761259e-01	1.890793995192743271e+00	8.321337226693908962e-01	3.594091681787114911e-01	3.344518854658472540e-01	1.991948356066654657e+00	7.465127628512191471e-01
5.999999999999999778e-01	6.331473838918399544e+00	1.601570617999163915e+02	1.132738564826428984e+00	1.870740510930891887e+00	-2.581639675522507393e-01	2.717843165309686282e-01	7.946770674877418061e-01	1.870740509407374352e+00	4.909646857845857970e-01	2.771202020293659363e-01	5.330970789851364744e-01	1.873758682506471374e+00	1.347988229700811891e+00	2.914077652301595434e-01	6.990427330923226767e-01	1.873758682506508233e+00	8.264875514972205295e-01	3.664418064191172775e-01	3.380424486329304812e-01	2.008662550676274083e+00	7.385737896409367842e-01
6.999999999999999556e-01	6.198362409620833624e+00	1.563967585451702860e+02	1.141384479527774332e+00	1.855418666614325085e+00	-2.798228621978778863e-01	2.775166599582215565e-01	8.027575691276530589e-01	1.855418666614383261e+00	4.778320129264138072e-01	2.819887239238942356e-01	5.437738613641410756e-01	1.857489689331425442e+00	1.332351976798516358e+00	2.973027884644531826e-01	7.051569286124881319e-01	1.857489695522006157e+00	8.202383827368785463e-01	3.736688344127773731e-01	3.404605078466458878e-01	2.060452275689114376e+00	7.246590372642982558e-01
8.000000000000000444e-01	6.104999640868996380e+00	1.536007075076365140e+02	1.147622400880268012e+00	1.840594317552136872e+00	-2.979885621839493681e-01	2.824966174757045922e-01	8.112415029099269148e-01	1.840594317564676397e+00	4.641339081780168074e-01	2.856518451325043562e-01	5.556527247809383008e-01	1.843097044135571183e+00	1.313376614908755569e+00	3.011472529141967502e-01	7.120686509186227031e-01	1.843097039588573516e+00	8.153160368359475552e-01	3.778384815699748489e-01	3.418338338668566179e-01	2.109384388231143603e+00	7.141605441300381552e-01
9.000000000000000222e-01	6.031322965750962162e+00	1.514314373354509087e+02	1.152205613426982245e+00	1.830306820492330511e+00	-3.119925208312413489e-01	2.853201352536549606e-01	8.191043467958817326e-01	1.830306820491260256e+00	4.492718992474489248e-01	2.873353888021313307e-01	5.678059635952897866e-01	1.830306826354602512e+00	1.290879700050236334e+00	3.037712281380880452e-01	7.189430567884685930e-01	1.830306820666293799e+00	8.104345858763313259e-01	3.797195485893218314e-01	3.423431861039131219e-01	2.139071776404910974e+00	7.092817255260970288e-01
1.000000000000000000e+00	5.978601445924206281e+00	1.498943642063840116e+02	1.155136550823530062e+00	1.819799459814530618e+00	-3.223517632717530779e-01	2.877975676012916040e-01	8.264383725672115322e-01	1.819799459814436693e+00	4.344868428529078952e-01	2.888906836702500591e-01	5.793733915126000333e-01	1.819799499117763286e+00	1.261849156976835307e+00	3.064142719901228329e-01	7.252834899917978140e-01	1.819799460050609552e+00	7.986631165005488864e-01	3.836112226768594313e-01	3.434441275299163210e-01	2.278654768071336267e+00	6.906209237390734668e-01
1.100000000000000089e+00	5.936033014654287676e+00	1.488404383154330901e+02	1.156978235392000398e+00	1.810448063867043933e+00	-3.299531430648788288e-01	2.893045182907388879e-01	8.328823389058851445e-01	1.810448054959663766e+00	4.210991256654434411e-01	2.894568640073512111e-01	5.899260783993958146e-01	1.810448054964979514e+00	1.234974670165845723e+00	3.076849759837308462e-01	7.309303157259438022e-01	1.810448055207118934e+00	7.880199675284752514e-01	3.857086189870490012e-01	3.443522218120455558e-01	2.279609496217442022e+00	6.881755187085593084e-01
1.199999999999999956e+00	5.914862594077658464e+00	1.480308548407797957e+02	1.158082509421407114e+00	1.803358298473472843e+00	-3.358179622882917492e-01	2.900577383585788982e-01	8.383902442593268445e-01	1.803358298471396948e+00	4.097032664005209601e-01	2.894628029529910940e-01	5.991876453701701077e-01	1.803774042523714316e+00	1.210377082000724691e+00	3.085733648725357270e-01	7.358740847951507069e-01	1.803774043084732437e+00	7.797252463756371155e-01	3.870450372551033635e-01	3.448623032953426759e-01	2.274466250167821890e+00	6.880961928659196092e-01
1.300000000000000044e+00	5.904305714165917429e+00	1.475157048759500924e+02	1.158848593062499210e+00	1.798763626010017491e+00	-3.395500808898832545e-01	2.903174881348469794e-01	8.428906726939373595e-01	1.798763622060088885e+00	3.991197858839666823e-01	2.892821517926205122e-01	6.058479389455837527e-01	1.805357260271520659e+00	1.179811842507294095e+00	3.087533905160981806e-01	7.389579810062354426e-01	1.805357260497315375e+00	7.662035042429909959e-01	3.883145063350397219e-01	3.457440575061555554e-01	2.254289281885373697e+00	6.891155291626581691e-01
1.399999999999999911e+00	5.893767676232615216e+00	1.471367667633853102e+02	1.159147763266400455e+00	1.793572405092284328e+00	-3.426194060744796599e-01	2.906562789569305805e-01	8.461958296151742553e-01	1.799794432441669478e+00	3.885969497910528592e-01	2.884455953005020112e-01	6.127164561789100183e-01	1.800138275214429706e+00	1.160628066641633982e+00	3.096573592892096216e-01	7.424311839342115915e-01	1.800486968741194849e+00	7.581016677036863660e-01	3.901074928659649110e-01	3.463331403196924785e-01	2.252486415477440218e+00	6.879820477498692632e-01
1.500000000000000000e+00	5.883248446648484453e+00	1.469361720610212103e+02	1.159411457891309283e+00	1.790976149456105837e+00	-3.444458877955757226e-01	2.906824604246358579e-01	8.492546066725953358e-01	1.796957875752613676e+00	3.814006276667530337e-01	2.881662641273608494e-01	6.183271375601483433e-01	1.796957875754988665e+00	1.144070638434418807e+00	3.102714333647124123e-01	7.453931275382442712e-01	1.796957875946009198e+00	7.528896019190861599e-01	3.908800158804340286e-01	3.464341697539005116e-01	2.234853555136115499e+00	6.904966652229672652e-01
1.600000000000000089e+00	5.872747991844277315e+00	1.467387007345091092e+02	1.159472566619657918e+00	1.788062931248596277e+00	-3.456182460536665335e-01	2.911314178055759982e-01	8.517977929999204223e-01	1.793788181999115716e+00	3.755562137443697046e-01	2.881899274397811128e-01	6.229768110036520978e-01	1.793788182002615361e+00	1.130228147490707880e+00	3.108654308367113095e-01	7.477360357090312437e-01	1.793788182162095790e+00	7.468146618697552030e-01	3.924446979331820407e-01	3.468773118737640271e-01	2.207208676236446898e+00	6.947517257981351557e-01
1.699999999999999956e+00	5.872747991844277315e+00	1.463582899605096941e+02	1.159320384690582406e+00	1.783941853908076691e+00	-3.472912751670774734e-01	2.913827623633791775e-01	8.539743362789553593e-01	1.789505630790471091e+00	3.715690773389201951e-01	2.882527970803688278e-01	6.270689168987746420e-01	1.789505630793118529e+00	1.121123878371333760e+00	3.114052713683506668e-01	7.498319132694581945e-01	1.789505631081903525e+00	7.443966889610696969e-01	3.927263459201477680e-01	3.468612035508522595e-01	2.208034842511851448e+00	6.956174655359100845e-01
1.800000000000000044e+00	5.872747991844277315e+00	1.465981919417465065e+02	1.160077941327870121e+00	1.789713956246581805e+00	-3.456270384335508594e-01	2.907176125498298069e-01	8.554472107901430755e-01	1.789713956244783466e+00	3.666479239900310994e-01	2.883757000394691627e-01	6.297809024858074256e-01	1.789713956248061288e+00	1.108528579084234522e+00	3.121816959363335475e-01	7.502486220468115308e-01	1.795108033213062670e+00	7.346566101235764146e-01	3.944812609309901186e-01	3.472058327234907593e-01	2.212066155830239467e+00	6.946332606246616859e-01
1.899999999999999911e+00	5.872747991844277315e+00	1.465252243991508010e+02	1.160003478419635137e+00	1.788078955946779125e+00	-3.463494144772931160e-01	2.908154318342164313e-01	8.567843171683889869e-01	1.788078955945170412e+00	3.637310062771456076e-01	2.883242335673346646e-01	6.313414330673142727e-01	1.793360214974235367e+00	1.096743289393510290e+00	3.117796339522644344e-01	7.515380399216557983e-01	1.793360215145445968e+00	7.320333893380542856e-01	3.952055986496446627e-01	3.471912414816430981e-01	2.207840185610856487e+00	6.939715443009955020e-01
2.000000000000000000e+00	5.872747991844277315e+00	1.464863421271658126e+02	1.160012697285942584e+00	1.786839312483251341e+00	-3.467296862989281969e-01	2.907327880884452709e-01	8.577930176669288365e-01	1.786839312045489292e+00	3.612112765386821800e-01	2.881334494084405451e-01	6.332548820178044435e-01	1.792034187095817854e+00	1.091296751090491624e+00	3.116914492485130528e-01	7.523905922955904657e-01	1.792034177596496747e+00	7.296374944894413739e-01	3.954083574316407668e-01	3.473964625414350249e-01	2.202518705302273450e+00	6.947042204086735229e-01
