,time,Nc_4,Nc_3,Nc_2,Nc_1,R_{rs},R_{cd},R_{fs},V_4,V_3,V_2,V_1,ShSt_{rs},ShSt_{fs},Emass_4,Emass_3,Emass_2,Emass_1,Ekin_4,Ekin_3,Ekin_2,Ekin_1,Eint_4,Eint_3,Eint_2,Eint_1
0,0.0,494.0,0.0,0.0,506.0,14946602682.276999,14946602682.276999,14976282135.619001,0.0,0.0,9.883433163575861e+31,1.4028301527445947e+31,0.0,0.0,0.0,0.0,9.877159300284898e+31,3.5070753818614867e+30,0.0,0.0,9.780478995057198e+33,6.979080009881383e+32,0.0,0.0,1.482737882655452e+28,2.1055070191803241e+27
100,225.1706053244005,489.0,6.0,4.0,501.0,6765183062460.73,6765228504360.388,6765246336712.692,3.065735312331862e+34,8.560781356108186e+33,8.557070845399392e+36,8.328755414277814e+36,0.09220982137715916,0.026288401929549954,5.357608876524436e+33,7.538445379241904e+33,1.1966976583942975e+36,2.908178627893524e+35,7.098419467301649e+35,9.460692061881272e+35,1.1850477908798375e+38,5.787245316706049e+37,2.4827990149309127e+33,9.285646166851192e+32,1.4133727816235602e+33,1.2549872290954203e+33
200,417.8763978587955,485.0,10.0,8.0,497.0,12542157227275.941,12542222718595.75,12542253020300.418,1.3390144574807167e+35,5.595851546991342e+34,2.913917401492122e+37,2.8413452752706425e+37,0.05852874181478285,0.022749379189228147,0.010350772363437954,3.1957638640871773e+34,5.170835750518425e+34,4.0674587900028756e+36,9.904010179927524e+35,4.056503448516832e+36,6.489879264519987e+36,4.028059306931676e+38,1.9707151597540696e+38,1.5867389878902483e+34,6.081743234950791e+33,4.902648995104846e+33
300,610.1748299707231,480.0,15.0,12.0,493.0,18306904688717.574,18307004771300.664,18307047706286.293,4.444972797526009e+35,1.752833049532792e+35,6.154546087642545e+37,5.994481561489589e+37,0.02607346235067709,0.0210317347919744,0.012550529548322809,1.0170418530894752e+35,1.6517181017736444e+35,8.591147608434823e+36,2.0886190206857564e+36,1.2962150535874615e+37,2.0737156844804543e+37,8.508317838937474e+38,4.156269995250652e+38,4.977177683884808e+34,1.906411759400306e+34,1.0532522630324396e+34
400,802.3243509410854,476.0,19.0,16.0,489.0,24067201034274.516,24067322680987.77,24067378400884.395,8.936735776372542e+35,3.999936979498075e+35,1.0546332397643133e+38,1.0271345021622844e+38,0.06485275309513283,0.019198005330266277,0.014709452410595958,2.2543989760142326e+35,3.807090767406915e+35,1.4729357060397665e+37,3.582416892447394e+36,2.838400723686038e+37,4.780398231059684e+37,1.4588027386076796e+39,7.127357069511274e+38,1.1270434305396302e+35,4.348432374739093e+34,1.8354924480216163e+34
500,994.5148821957534,471.0,24.0,20.0,485.0,29828714481846.207,29828869993622.902,29828938619808.887,1.7735382772043124e+36,7.637355305952409e+35,1.6062211627198799e+38,1.5619038338282502e+38,0.04782940787835832,0.01716058733125725,0.016819041042527072,4.362738865344132e+35,7.31176439458856e+35,2.244271199226729e+37,5.446263733169004e+36,5.509004869988362e+37,9.1813392428637e+37,2.222845883724781e+39,1.0837415332479516e+39,2.159914649150157e+35,8.297859247396084e+34,2.8428776522171506e+34
600,1186.643117831487,466.0,29.0,24.0,481.0,35588359195808.03,35588549786556.91,35588631407382.11,3.137752046594583e+36,1.2994531820096502e+36,2.266864253063169e+38,2.200211826164028e+38,0.10595281135064294,0.015036239861294876,0.018779825547720064,7.479713659902736e+35,1.2490456157091656e+36,3.16804714351551e+37,7.670912776853824e+36,9.476346576149377e+37,1.5684005155274356e+38,3.137959889221687e+39,1.5264938772580506e+39,3.676858398404187e+35,1.4116316920968175e+35,4.0778191716678633e+34
700,1378.454858787914,462.0,33.0,28.0,477.0,41338530064436.9,41338741599374.125,41338836311966.625,4.575748537778377e+36,2.039256849807042e+36,3.032334916929544e+38,2.942291076665429e+38,0.10936491622162792,0.012911225997621179,0.020419339250856927,1.1562469183456718e+36,1.9663410566321617e+36,4.238719233351112e+37,1.0263805861697984e+37,1.4549565876547168e+38,2.468993591228433e+38,4.198670980828216e+39,2.0421719209829384e+39,5.754047425766843e+35,2.2157695401599554e+35,5.538474607322449e+34
800,1570.114953362803,457.0,38.0,33.0,472.0,47084141407496.55,47084387306966.45,47084504238494.58,6.969834836309158e+36,3.122188401209903e+36,3.8988219662978684e+38,3.776900978665814e+38,0.036181294017800125,0.010776658753307577,0.021598394872029747,1.7229675073707508e+36,3.008569068260887e+36,5.442874389800439e+37,1.3169882325204597e+37,2.173512162420961e+38,3.774915883539521e+38,5.3895045923407787e+39,2.6207124854205988e+39,8.52302932052167e+35,3.3768908122106375e+35,6.243422709625872e+34
900,1761.76892486355,452.0,43.0,37.0,468.0,52829567839854.53,52829849452726.25,52829978709839.53,1.0153546707766113e+37,4.391571076009847e+36,4.86574225348302e+38,4.703553162019862e+38,0.0513212907889522,0.008739289546068285,0.022365117263780432,2.4482597155296009e+36,4.2457448085994035e+36,6.793664420491326e+37,1.6398640765937592e+37,3.096405810990937e+38,5.328414751995723e+38,6.727287896304484e+39,3.263311480310431e+39,1.2050634093980391e+36,4.760595244792973e+35,7.904692736793969e+34
1000,1953.511574740694,448.0,47.0,41.0,464.0,58577668306129.695,58577970025776.5,58578111710654.125,1.3111116664222921e+37,5.969140928537248e+36,5.929740609906471e+38,5.730265042238996e+38,0.057380774083970465,0.024767993926402054,0.007046381756772746,3.3061990603412584e+36,5.783014207920855e+36,8.280071791453563e+37,1.998409815639986e+37,4.160607074430605e+38,7.258839149165315e+38,8.199487196355604e+39,3.9764579593167976e+39,1.641755909971999e+36,6.478013095011376e+35,9.78307772229985e+34
1100,2145.429322830661,443.0,52.0,45.0,460.0,64331003266033.36,64331339746804.02,64331493934638.72,1.7791090149567003e+37,7.889218013093172e+36,7.088472806334445e+38,6.835543254592989e+38,0.024846730783972815,0.023627695369247803,0.008907177504403396,4.402775208807344e+36,7.654555021675486e+36,9.899911790090666e+37,2.383267953360981e+37,5.552067013012256e+38,9.60907641993336e+38,9.803975547178889e+39,4.742609559602371e+39,2.177099371686689e+36,8.566077390678916e+35,1.1889792156091753e+35
1200,2337.593480030132,439.0,56.0,49.0,456.0,70091738439896.234,70092096396317.47,70092263172495.96,2.217129258743121e+37,1.0186772078415698e+37,8.339644513209693e+38,8.03765676653961e+38,0.06655837231526718,0.022207070277165064,0.010980932999825388,5.647449700801605e+36,9.893441756664785e+36,1.1649009823202376e+38,2.804246404851274e+37,7.097521794444953e+38,1.242065301438052e+39,1.153665886510904e+40,5.57910969937798e+39,2.811199740817134e+36,1.1062207209362813e+36,1.4238215958354884e+35
1300,2529.823018560141,434.0,61.0,53.0,452.0,75854421208227.77,75854813068411.89,75854992538035.88,2.8566397146953637e+37,1.289373925524382e+37,9.679258138466942e+38,9.30981162023755e+38,0.046675822685197765,0.020518564518631877,0.013151998882582783,7.194849530757997e+36,1.253162863998874e+37,1.352186132184599e+38,3.246185583789445e+37,9.054309499657168e+38,1.5733546523297412e+39,1.3392110888996663e+40,6.459510150191717e+39,3.569541254938186e+36,1.400194482382093e+36,1.6829394061671006e+35
1400,2722.06489321835,429.0,66.0,57.0,448.0,81617472614001.25,81617899554614.8,81618091833317.23,3.629621988699648e+37,1.6043118487024982e+37,1.1103954557411312e+39,1.0655791879252097e+39,0.1060120937729585,0.01861651821559951,0.015303394528556558,8.99758327556989e+36,1.5603301961025756e+37,1.5515713090557256e+38,3.7149184118481037e+37,1.1342251267257383e+39,1.9590690216958118e+39,1.5367626304359884e+40,7.392599043401448e+39,4.4494659212194414e+36,1.7421196747779908e+36,1.9661594481632174e+35
1500,2914.30463383808,425.0,70.0,61.0,444.0,87380474294268.36,87380922066987.48,87381127256984.69,4.311156779821858e+37,1.9667387863611814e+37,1.2610593480005568e+39,1.2095290136164972e+39,0.10938102910852132,0.01656104736216535,0.017376502383066095,1.0970525991589852e+37,1.9139585416924656e+37,1.762448680195201e+38,4.2191409521772227e+37,1.3788323451475133e+39,2.4031064388956805e+39,1.7457214713994253e+40,8.39463714816564e+39,5.455170142643277e+36,2.1356577548374154e+36,2.2735448183415227e+35
1600,3106.360042143726,420.0,75.0,65.0,440.0,93137936545833.02,93138418607636.6,93138636803018.28,5.300688484471126e+37,2.3796065415997034e+37,1.419458666885303e+39,1.3584112096151888e+39,0.03700661896773094,0.01445298433374509,0.019261470024201532,1.3336384797824603e+37,2.3169817953284327e+37,1.9841073965864452e+38,4.736294691319687e+37,1.6783642041616455e+39,2.9091332581447966e+39,1.9653838098730125e+40,9.424842944905298e+39,6.612712856736744e+36,2.5841797102232338e+36,2.6035519444421832e+35
1700,3298.133827170962,415.0,80.0,69.0,436.0,98886954860744.14,98887472557445.86,98887703863885.38,6.457102802103939e+37,2.8459871701784744e+37,1.5851803187059716e+39,1.5132579658031364e+39,0.049850580367072794,0.01231861000151735,0.02077274860771139,1.6012281153376013e+37,2.7726681122857035e+37,2.2161916057911822e+38,5.275483814995157e+37,2.018160531733072e+39,3.481247888668212e+39,2.1953966113603003e+40,1.0498145067112245e+40,7.917378903721851e+36,3.0910497869821857e+36,2.9554039669591873e+35
1800,3489.773374242321,411.0,84.0,74.0,431.0,104631964379432.03,104632502281143.94,104632755572580.22,7.431517590653234e+37,3.420805786656492e+37,1.7575105690009092e+39,1.6773926617545872e+39,0.05838191538189208,0.010214193335725819,0.021845573394850604,1.887138600070665e+37,3.32999780651683e+37,2.4535983697444736e+38,5.849802370093874e+37,2.372323122404702e+39,4.179788740843503e+39,2.4296084659690874e+40,1.1639851504267527e+40,9.374733193193125e+36,3.708830445030179e+36,2.8422921188415813e+35
1900,3681.449309132955,406.0,89.0,78.0,427.0,110378050160489.14,110378622848723.1,110378888493037.25,8.85319110125264e+37,4.008392181726128e+37,1.9372903463999418e+39,1.8444035899167784e+39,0.025214279030196796,0.008224835807207453,0.022499344563154056,2.2224200143301456e+37,3.906010525510931e+37,2.7051866158906305e+38,6.430650457463262e+37,2.797385909389807e+39,4.903215150206583e+39,2.678843034960725e+40,1.279671245378819e+40,1.1012053125397189e+37,4.3495305620619364e+36,3.1833746024023567e+35
2000,3873.239297377514,402.0,93.0,82.0,423.0,116127568319729.36,116128162545542.86,116128440634638.03,1.0090087778263614e+38,4.661071865084426e+37,2.1238109357898832e+39,2.0204257014066212e+39,0.06701388656668605,0.024488410429812424,0.007516062391351497,2.5751923360250563e+37,4.544447925177889e+37,2.9658207264631437e+38,7.04882987207146e+37,3.235157257153537e+39,5.70501919430902e+39,2.9370660123063363e+40,1.4023536059350098e+40,1.2810765057244518e+37,5.060100400518269e+36,3.550035585971631e+35
2100,4065.206115305038,397.0,98.0,86.0,419.0,121882375109799.27,121883003293387.66,121883293913366.75,1.1788451566816e+38,5.38235954239447e+37,2.316848530973734e+39,2.1988044447960868e+39,0.04579724172825772,0.02328683813450305,0.009432231254355328,2.9870543174799913e+37,5.250620680050045e+37,3.2364012809739677e+38,7.667732690038898e+37,3.7558512493028667e+39,6.59187184652722e+39,3.205175318059644e+40,1.5257797189679368e+40,1.482597641882105e+37,5.844185859955628e+36,3.944438813392968e+35
2200,4257.418377718059,392.0,103.0,90.0,415.0,127644538743462.2,127645202056337.84,127645505281078.39,1.3719417637345481e+38,6.175763675175227e+37,2.516190806651486e+39,2.3816527304146823e+39,0.10606730077738113,0.021778679504025122,0.011554793674724895,3.439101696432994e+37,6.025879768857134e+37,3.515225856467012e+38,8.302787254855689e+37,4.329175471483395e+39,7.56544888816517e+39,3.4814922732725293e+40,1.6522341731547223e+40,1.70361320211541e+37,6.706122275179501e+36,4.368431712498534e+35
2300,4449.650183412619,388.0,107.0,94.0,411.0,133407302609908.16,133407986691187.22,133408302646986.3,1.5335159688923994e+38,7.044035299376195e+37,2.7213112087551873e+39,2.5739533934981845e+39,0.1095424855660132,0.020037435160854544,0.013722803983980292,3.910013067375546e+37,6.874821942715662e+37,3.802663303503468e+38,8.978674386727697e+37,4.912608166470028e+39,8.631514847108489e+39,3.7663795237270275e+40,1.7864299851834786e+40,1.9437412469247784e+37,7.648759629900652e+36,4.819384605746765e+35
2400,4641.895859651958,383.0,112.0,98.0,407.0,139170468776834.72,139171187142117.84,139171515938679.33,1.7587907539511894e+38,7.99026451950485e+37,2.931902539485098e+39,2.765910111887294e+39,0.0365152382313958,0.018092228782274455,0.015853176338271657,4.450372529417996e+37,7.800410658877922e+37,4.0980610751691835e+38,9.644638754708094e+37,5.596470810818241e+39,9.793775580913752e+39,4.059193380432116e+40,1.919199603561137e+40,2.2079729916080855e+37,8.675912493648928e+36,5.2963658484568604e+35
2500,4834.123619546927,378.0,117.0,102.0,403.0,144933096588633.88,144933850490490.78,144934192222021.72,2.0104454713412723e+38,9.017412631761567e+37,3.1476278175792317e+39,2.960948913363556e+39,0.049271170247670026,0.015998230459103313,0.017895381888012762,5.036422742036813e+37,8.80419704823573e+37,4.400102210349486e+38,1.0322066701387934e+38,6.339969033668877e+39,1.105416151839252e+40,4.358633097620251e+40,2.0540763248834042e+40,2.494358313350037e+37,9.791300177808111e+36,5.798686588013282e+35
2600,5026.081637717989,374.0,121.0,106.0,399.0,150687653348249.25,150688427439321.28,150688782202890.78,2.215083305381476e+38,1.012752807961232e+38,3.36788639942458e+39,3.1658390996999424e+39,0.05957383120350479,0.013896008277389349,0.019712922234275565,5.640640730941327e+37,9.8909071568245e+37,4.709152357095202e+38,1.1041770252680144e+38,7.08794602743161e+39,1.241856268684669e+40,4.665052624216592e+40,2.1970386820805723e+40,2.802389039407488e+37,1.0997423189031058e+37,6.319247901089118e+35
2700,5217.805306139705,369.0,126.0,110.0,395.0,156435170153180.0,156435978977185.62,156436346872868.78,2.5040569657216977e+38,1.1324040559176537e+38,3.5923955804840126e+39,3.367196242804805e+39,0.026294656124797644,0.011755231479991135,0.02110254220026553,6.325050225165123e+37,1.1062859588730784e+38,5.0243672289076356e+38,1.1740706214027542e+38,7.955189683546124e+39,1.3889927784846487e+40,4.977614661841769e+40,2.3363400906820283e+40,3.1366687447597947e+37,1.2297772187518628e+37,6.861576862574525e+35
2800,5409.459297289154,365.0,130.0,115.0,390.0,162180611256019.16,162181441711317.5,162181831368041.4,2.7486971022368197e+38,1.273318474457136e+38,3.8198129987408683e+39,3.577806270315433e+39,0.06573094090924259,0.009674025067559766,0.022053632848987315,7.02286251428197e+37,1.2432220704826184e+38,5.333840862764456e+38,1.2484782654948978e+38,8.821065536226347e+39,1.560654717201807e+40,5.281870290109523e+40,2.483737736573155e+40,3.4923317068311413e+37,1.381432325109302e+37,6.2506390015402484e+35
2900,5601.155259992907,360.0,135.0,119.0,386.0,167927298262864.44,167928162676128.88,167928564720893.44,3.074765184154213e+38,1.411886336983052e+38,4.0523733690246646e+39,3.7849581302529784e+39,0.046181869403498554,0.02522205333618066,0.006252920878267121,7.814211405541653e+37,1.379221435959985e+38,5.6597846686052585e+38,1.319938160436043e+38,9.821357687949337e+39,1.7314660682935344e+40,5.6048901893676645e+40,2.6264856654252674e+40,3.8797355495940433e+37,1.5324611503742388e+37,6.750723987521413e+35
3000,5792.966550734764,355.0,140.0,123.0,382.0,173677441354151.34,173678340985166.28,173678755492328.6,3.43584648919172e+38,1.560414753232093e+38,4.2886737463234604e+39,3.993126069330567e+39,0.10611072526890486,0.02419841632696018,0.007998221443271225,8.660201843505793e+37,1.5247582239678682e+38,5.990721896211883e+38,1.3921325376274945e+38,1.0894176907606474e+40,1.9142466846214947e+40,5.932909546505608e+40,2.7703068906311523e+40,4.293206205467416e+37,1.6941253720809717e+37,7.282705356644119e+35
3100,5985.027276530951,351.0,144.0,127.0,378.0,179435076547791.4,179435996935759.75,179436423985810.9,3.730492193660634e+38,1.7193486899480165e+38,4.528590028021245e+39,4.2123677913868223e+39,0.10961700689199483,0.022911824349343135,0.00998191880479804,9.521624924754736e+37,1.6804857459626692e+38,6.3274930735269306e+38,1.4695622431822608e+38,1.1961147048032113e+40,2.1098196411513665e+40,6.266772140598683e+40,2.9238573932230718e+40,4.732333984258718e+37,1.8668671008688247e+37,7.849876712129843e+35
3200,6177.2607179854,346.0,149.0,131.0,374.0,185197875902897.0,185198830605883.94,185199270304133.12,4.133530904007483e+38,1.8889735675178315e+38,4.7717367881129297e+39,4.4248432978344664e+39,0.03567402148420129,0.021346194694510823,0.012122287610244697,1.0488278776098184e+38,1.8465164775828354e+38,6.6687738049926216e+38,1.5429599923815606e+38,1.3184390035959735e+40,2.318323874518383e+40,6.605169244927097e+40,3.070348651541097e+40,5.205256109524504e+37,2.051043963271952e+37,8.452319500626234e+35
3300,6369.492782510855,341.0,154.0,135.0,370.0,190960632724883.12,190961623001948.5,190962075457985.34,4.57370824052049e+38,2.069415830361943e+38,5.017597086938875e+39,4.637187354027805e+39,0.050368380166840865,0.019550703781039624,0.014287540705428592,1.1515989424033284e+38,2.0230864277435096e+38,7.013806290384691e+38,1.6166756327396529e+38,1.4487812103903986e+40,2.5400497437084826e+40,6.947344987819636e+40,3.217160008304057e+40,5.70732209387794e+37,2.246953645002453e+37,9.084718082177427e+35
3400,6561.731546514085,337.0,158.0,139.0,366.0,196723605868384.94,196724616235197.4,196725081549975.12,4.9244018797686254e+38,2.2610163801331853e+38,5.265879556470905e+39,4.861800454673426e+39,0.05932108087065813,0.017547502263896675,0.016411814315644646,1.2556652397002421e+38,2.2107496851434037e+38,7.362954318333382e+38,1.6959125955327875e+38,1.577548555023147e+40,2.775693558743141e+40,7.293663797775566e+40,3.3744046140774287e+40,6.237974040582203e+37,2.454974007655478e+37,9.74365309093968e+35
3500,6753.945199086145,332.0,163.0,143.0,362.0,202485811660710.53,202486856670655.88,202487334946788.2,5.411805255823174e+38,2.4640707185208385e+38,5.516237865866328e+39,5.075750837638462e+39,0.02697410242214371,0.015433079707962927,0.018409217262266298,1.3713791155515143e+38,2.4093891626727014e+38,7.714317483873247e+38,1.769760656467636e+38,1.724105082063715e+40,3.025108160796917e+40,7.642240706998552e+40,3.5217182485411497e+40,6.804376834548627e+37,2.6754755552510824e+37,1.0426712361644897e+36
3600,6945.811242337626,328.0,167.0,147.0,358.0,208237609702062.1,208238676367322.78,208239167703843.28,5.818491522784563e+38,2.6785538938041978e+38,5.767940630934937e+39,5.300062689186612e+39,0.06403230739304133,0.013335804733876966,0.020129429303191282,1.4875561675734802e+38,2.619605646512012e+38,8.068415849688065e+38,1.8498354490818107e+38,1.8682518056663785e+40,3.2890350619773644e+40,7.993571814359918e+40,3.6799075323675963e+40,7.395827619805232e+37,2.908540795371536e+37,1.1122152547050627e+36
3700,7137.497756000567,323.0,172.0,152.0,353.0,213984013475655.8,213985114065512.84,213985627797072.25,6.3509848201170495e+38,2.927129156157872e+38,6.018682454873436e+39,5.514032938590523e+39,0.04738831388283371,0.011192767252824254,0.021397300322860913,1.617035854266814e+38,2.860751270760585e+38,8.404887115469732e+38,1.9230864870350784e+38,2.0318742951127045e+40,3.5912195724555984e+40,8.322953405832811e+40,3.826614388694956e+40,8.029940082391181e+37,3.1749506585560056e+37,9.806871479966523e+35
3800,7329.152928089946,318.0,177.0,156.0,349.0,219729476424126.78,219730612202705.28,219731138235963.97,6.931647664559839e+38,3.1660216610184855e+38,6.272774392935669e+39,5.725366227599365e+39,0.10603664444663052,0.009146942385962475,0.022236263656623567,1.753196618333311e+38,3.0953640021455325e+38,8.76053497573376e+38,1.996011785071375e+38,2.20451588721653e+40,3.885905978102108e+40,8.675544902346085e+40,3.9720012710860595e+40,8.696162285615903e+37,3.4358876802067844e+37,1.0414456021632734e+36
3900,7520.867757778224,314.0,181.0,160.0,345.0,225476742119197.2,225477898768838.47,225478437198240.9,7.399933681056039e+38,3.4181282269991e+38,6.527797441240189e+39,5.949970835328446e+39,0.10962017452260575,0.024958201381751532,0.006698933506613214,1.89008122062951e+38,3.3432654015301216e+38,9.11968030440882e+38,2.0760262377380098e+38,2.374068409549012e+40,4.197262947166148e+40,9.031674651110219e+40,4.130385899906044e+40,9.39295657218511e+37,3.7105796044312103e+37,1.10596630726265e+36
4000,7712.745997773656,309.0,186.0,164.0,341.0,231228893082368.2,231230084102049.28,231230635031275.88,8.031888677527591e+38,3.683847453427469e+38,6.783593283176694e+39,6.160128715263427e+39,0.035096824716875474,0.02388922899612078,0.008496058911197535,2.041596662091879e+38,3.603954926163612e+38,9.479524445569568e+38,2.1482553774454403e+38,2.5658200343925127e+40,4.5246689928259e+40,9.388576872866982e+40,4.274813639657299e+40,1.0133614217437769e+38,3.9995938451732404e+37,1.1744795465427252e+36
4100,7904.850781113793,304.0,191.0,168.0,337.0,236987834167348.78,236989060823193.0,236989624316056.22,8.713163360846986e+38,3.963447048565789e+38,7.039964052531205e+39,6.367100479236597e+39,0.05150381401734916,0.02252981047696312,0.010534733111881023,2.2006537259660667e+38,3.877741693768321e+38,9.83960348337971e+38,2.2198660970576454e+38,2.7675289655484525e+40,4.868505235880811e+40,9.745815717563978e+40,4.417497926004393e+40,1.0911098926503835e+38,4.303456114873706e+37,1.2475112005026495e+36
4200,8097.099313473802,300.0,195.0,172.0,333.0,242751100206440.47,242752346895449.5,242752923059867.94,9.248764652617745e+38,4.257207769506004e+38,7.296495351052762e+39,6.589998893064747e+39,0.05839118977085733,0.020889331020791158,0.012700710548123828,2.359787821054859e+38,4.165197133464191e+38,1.0200149924347093e+39,2.2986884789023683e+38,2.964382639909157e+40,5.229491714002458e+40,1.0103614886976443e+41,4.573714085271613e+40,1.1724095254122558e+38,4.622441575232409e+37,1.3246047996479993e+36
4300,8289.327806265335,295.0,200.0,176.0,329.0,248513750866096.4,248515032214960.12,248515621168200.6,9.986649727035303e+38,4.565170273415907e+38,7.552669330154374e+39,6.793524367354235e+39,0.02626849506078366,0.019037547861166182,0.014854782097355024,2.5353745227834832e+38,4.467163308648639e+38,1.0561939452375058e+39,2.3689092249476525e+38,3.1867531986099255e+40,5.608679096142935e+40,1.0462729270332552e+41,4.713977108691019e+40,1.2581702446133831e+38,4.956724095157857e+37,1.4047543142848858e+36
4400,8481.583596637185,291.0,204.0,180.0,325.0,254277232934093.47,254278535869714.44,254279137709317.34,1.0595476328616988e+39,4.887660684685908e+38,7.808252566033062e+39,7.010609804577026e+39,0.06406648991464303,0.01699060097838423,0.01696244345206921,2.7096384359856934e+38,4.782911832781611e+38,1.0921978219228402e+39,2.447240517419819e+38,3.4028985361493474e+40,6.005148500079805e+40,1.082020485939924e+41,4.868123503498517e+40,1.3470062442399358e+38,5.306881684549995e+37,1.4877057254349888e+36
4500,8673.725811399538,286.0,209.0,184.0,321.0,260037297938620.97,260038634720308.97,260039249547455.22,1.1385120148577479e+39,5.224822799621101e+38,8.062747911432147e+39,7.209794032403235e+39,0.048367406658669454,0.014871318481188833,0.018898782031608885,2.9020297754220393e+38,5.113056072213999e+38,1.1280620323111193e+39,2.514609082392637e+38,3.645947199546342e+40,6.419674198199731e+40,1.1176371554586383e+41,5.003566790968719e+40,1.4413284791761536e+38,5.673048142176412e+37,1.5723090914157127e+36
4600,8865.518033930128,281.0,214.0,188.0,317.0,265786869500191.44,265788241395403.3,265788869314663.66,1.2237019428223321e+39,5.576540873895587e+38,8.31554109204883e+39,7.402320262357435e+39,0.10595708418477479,0.012775524430879814,0.020492527466143606,3.1023983451362944e+38,5.45755639727713e+38,1.1636713536237921e+39,2.5807893740405642e+38,3.899927520705163e+40,6.852194886787634e+40,1.1530059542808955e+41,5.135673184511152e+40,1.53933125145643e+38,6.0552524874170875e+37,1.6578433264310153e+36
4700,9057.173882544126,277.0,218.0,193.0,312.0,271532366959842.06,271533759807966.38,271534409888289.8,1.2919570882796824e+39,5.978611854927396e+38,8.563105821219786e+39,7.61138710598481e+39,0.10946205177686363,0.010647569492229225,0.02164972714218516,3.3015331909735257e+38,5.8485020348814e+38,1.1960629673176921e+39,2.6559895647855515e+38,4.146597064477921e+40,7.342168680814771e+40,1.184457954847229e+41,5.284044153904633e+40,1.6407980010233732e+38,6.486929573496831e+37,1.4168109354973904e+36
4800,9248.841228247902,272.0,223.0,197.0,308.0,277278195679605.84,277279622887851.0,277280285301117.56,1.3830718024623158e+39,6.361287715904554e+38,8.812363805431121e+39,7.797152851670533e+39,0.03577125910929979,0.008624784655323126,0.0223984282312637,3.520144301413106e+38,6.224990436537688e+38,1.231188861534722e+39,2.7191164314289353e+38,4.423240791010225e+40,7.815057055484686e+40,1.2193104073159184e+41,5.410722350151276e+40,1.747669420079246e+38,6.9046147421086275e+37,1.48989850389262e+36
4900,9440.589305577632,267.0,228.0,201.0,304.0,283026443229645.44,283027906166785.94,283028581007565.1,1.4805842828139566e+39,6.760798055467517e+38,9.059528987944883e+39,7.975909151320277e+39,0.05166409051263887,0.02470944268844133,0.007144662473469676,3.747507051020452e+38,6.616875586824475e+38,1.2659496091018464e+39,2.7806374228507175e+38,4.711593500918671e+40,8.307252026617133e+40,1.2538114901540868e+41,5.533418029739565e+40,1.858818880574997e+38,7.339809587537927e+37,1.567579515444921e+36
5000,9632.530729711172,263.0,232.0,205.0,300.0,288780502653909.3,288781985653253.25,288782672999541.06,1.556573377446182e+39,7.177558800290182e+38,9.30446234804008e+39,8.175464761235658e+39,0.057627133352445625,0.023552810004545455,0.009017714221809747,3.973567344334613e+38,7.025748794983012e+38,1.3005461234198573e+39,2.8519822615430055e+38,4.991242827376998e+40,8.820762693457314e+40,1.2881624097833776e+41,5.674518127753198e+40,1.9741354547869986e+38,7.793010113982521e+37,1.65034361884768e+36
5100,9824.691129592848,258.0,237.0,209.0,296.0,294541111958629.44,294542629661122.56,294543329593424.3,1.6606240239056787e+39,7.611772611066743e+38,9.546907910516742e+39,8.346000105606364e+39,0.02549824050518179,0.02210636688013734,0.01111096257025812,4.2209325400739914e+38,7.451670307005148e+38,1.3348710187154084e+39,2.9102568136415264e+38,5.304521207643195e+40,9.355652785096642e+40,1.3222587016017147e+41,5.791207381564002e+40,2.0950205444163966e+38,8.264726694373081e+37,1.7388828596673418e+36
5200,10016.93904339847,254.0,241.0,213.0,292.0,300304357962659.8,300305897190082.6,300306609839115.7,1.7456571551758246e+39,8.063628324730091e+38,9.786374522176435e+39,8.534136808769708e+39,0.06523648885988442,0.02042895931752109,0.01326165184576289,4.464897223276492e+38,7.89412556876104e+38,1.3687326367987167e+39,2.979468518072789e+38,5.607056915250237e+40,9.911286032613707e+40,1.355907436956716e+41,5.926595240558051e+40,2.219411316361901e+38,8.7552132004013e+37,1.8316317436246e+36
5300,10209.16724573713,249.0,246.0,217.0,288.0,306067000721896.94,306068573801570.8,306069299262007.0,1.8554829574960765e+39,8.5329505901647e+38,1.0022451842615761e+40,8.695638769457513e+39,0.04769016293336925,0.01851267912832477,0.015407682533188805,4.732226351767394e+38,8.35338778821698e+38,1.402082714610831e+39,3.032840799495142e+38,5.94478350602703e+40,1.048798416115039e+41,1.3890615430038327e+41,6.03467419404087e+40,2.3505764743824002e+38,9.26477742061973e+37,1.9276792459583827e+36
5400,10401.41315263001,244.0,251.0,221.0,284.0,311830173033839.3,311831781168040.9,311832519546916.3,1.9730343280021016e+39,9.020185252609654e+38,1.0254876018873832e+40,8.847359038087316e+39,0.10595906179931269,0.016454929262489815,0.017476816110742144,5.009908575212327e+38,8.831316980927942e+38,1.435137712247502e+39,3.0848481184332293e+38,6.296636827369862e+40,1.1088094649237833e+41,1.421934762258773e+41,6.13871144352404e+40,2.486181928292184e+38,9.79371854716247e+37,2.0263440283315382e+36
5500,10593.45703266844,240.0,255.0,225.0,280.0,317587303064022.9,317588932109504.1,317589683501047.8,2.0666889480926982e+39,9.525111572973536e+38,1.0483083694877031e+40,9.02034173301466e+39,0.10927754368931986,0.014349462177016825,0.01935080547708634,5.2833527331454084e+38,9.32616969379897e+38,1.467512937600125e+39,3.1482512686420335e+38,6.635295286097003e+40,1.1709407124748725e+41,1.4541429713429208e+41,6.26305368892831e+40,2.625688285629892e+38,1.0342179478507638e+38,2.1255232934702636e+36
5600,10785.19521891483,235.0,260.0,229.0,276.0,323335255496966.0,323336918867481.6,323337683367949.6,2.1908014338257582e+39,1.0047771322567618e+39,1.0706657915649737e+40,9.159830163155863e+39,0.03695544685866059,0.012212798447662543,0.0208432424475693,5.581198187587147e+38,9.838129939990835e+38,1.4991627991358796e+39,3.194309162172403e+38,7.012126318330118e+40,1.2352157366757876e+41,1.485638480347052e+41,6.356214987251567e+40,2.771566148829893e+38,1.0910289544220487e+38,2.2251899551897076e+36
5700,10976.85740804769,230.0,265.0,234.0,271.0,329080928308989.44,329082627360551.5,329083413800981.3,2.3228166857228178e+39,1.0639998242705657e+39,1.092048435342128e+40,9.288434640192583e+39,0.050231029188795295,0.010105531410268043,0.02188203581514725,5.88998015546658e+38,1.0414926275482196e+39,1.525819085709626e+39,3.2384366298018576e+38,7.403694340133214e+40,1.307517279776226e+41,1.5111057575990966e+41,6.44441596047477e+40,2.9221787012840544e+38,1.1546978497122246e+38,1.842970895760279e+36
5800,11168.53248160636,226.0,269.0,238.0,267.0,334827002877738.8,334828722107912.75,334829520905514.25,2.4253033079839916e+39,1.1200223386785097e+39,1.1134577084085407e+40,9.443443021409233e+39,0.058141094698146656,0.008118276789146117,0.022531828894318817,6.1943000804737355e+38,1.0965924808283307e+39,1.5561617928343867e+39,3.2948349868831104e+38,7.780196706967452e+40,1.3767242419376767e+41,1.5412571853202575e+41,6.555449385450429e+40,3.0774171769850473e+38,1.2158159468283022e+38,1.9270775338403378e+36
5900,11360.34425612928,221.0,274.0,242.0,263.0,340577160930212.06,340578914919540.7,340579726163056.4,2.5647473963024972e+39,1.1781140526062703e+39,1.1343569668241308e+40,9.558263042317225e+39,0.025281992576972723,0.024423756056301427,0.0076162175228340345,6.524910197895462e+38,1.1535682659675653e+39,1.585755326698958e+39,3.3328812219744464e+38,8.198958849776882e+40,1.4482842906651335e+41,1.5706809125061991e+41,6.632165056066758e+40,3.239253020209508e+38,1.279061949813707e+38,2.016660762854122e+36
6000,11552.32491071577,217.0,278.0,246.0,259.0,346332394963014.3,346334170467615.44,346334994252573.56,2.6779613848124713e+39,1.2382849298855206e+39,1.1547224146930535e+40,9.69584342206668e+39,0.06631039255994398,0.02321876466130046,0.009537214735019894,6.850225703295284e+38,1.2126152819136889e+39,1.6147775799347435e+39,3.3857004623058113e+38,8.602366639597647e+40,1.5224420207326698e+41,1.5995549049955428e+41,6.734250882472316e+40,3.404938965810678e+38,1.3444669831270448e+38,2.1128713075627483e+36
6100,11744.54115124052,212.0,283.0,250.0,255.0,352094679066692.75,352096488484055.7,352097324879545.25,2.823832169773791e+39,1.3005669501237902e+39,1.174531485399006e+40,9.797106863547671e+39,0.04678872298049863,0.021694747972724082,0.0116746971892141,7.205245846749375e+38,1.2736611912435831e+39,1.643031036350509e+39,3.4174324908822266e+38,9.050904604933046e+40,1.5991053671529768e+41,1.6276874677654762e+41,6.799827058734117e+40,3.578886849943733e+38,1.4121170795674647e+38,2.2159975038411323e+36
6200,11936.77669378117,207.0,288.0,254.0,251.0,357857540647926.1,357859385143903.25,357860234272913.75,2.979006542352846e+39,1.364935901561672e+39,1.1937292486372095e+40,9.884852841012014e+39,0.10599309337040519,0.019931200066001686,0.013838304721981443,7.571848763964735e+38,1.336817977225611e+39,1.6705782365134986e+39,3.446824174857575e+38,9.515421952824555e+40,1.6784151448582117e+41,1.6551343090471666e+41,6.85900978464976e+40,3.757896228717271e+38,1.4819892284479299e+38,2.323428952376541e+36
6300,12129.01571127814,203.0,292.0,258.0,247.0,363620520644836.06,363622385977310.25,363623247944425.5,3.101861446330079e+39,1.4313908644042617e+39,1.2122866676048107e+40,1.0000412004901918e+40,0.1093290255021151,0.01797020762341428,0.015975393783740133,7.931256527036058e+38,1.4019040205567074e+39,1.697105807759611e+39,3.491035983970427e+38,9.960440813796156e+40,1.7601424762590553e+41,1.6815858492559218e+41,6.944629937729109e+40,3.941426898382289e+38,1.5541455347043112e+38,2.4342899629763773e+36
6400,12321.25849291587,198.0,297.0,262.0,243.0,369383600075150.7,369385499651814.75,369386374564422.56,3.264147387656313e+39,1.4999776759285466e+39,1.2301724223698195e+40,1.0071760338352454e+40,0.037563903619886485,0.01588163361455952,0.018007457359072943,8.322352214786852e+38,1.4691746987019254e+39,1.7228502980946138e+39,3.5130108093741484e+38,1.0455103617837621e+41,1.8446095660559872e+41,1.7072753782727699e+41,6.990273325611701e+40,4.1326554310318555e+38,1.628604756032361e+38,2.547213066802876e+36
6500,12513.20877471697,193.0,302.0,266.0,239.0,375137909532359.1,375139844676611.75,375140732635836.56,3.435808529252079e+39,1.5706239426206655e+39,1.2473291695500306e+40,1.0128339561483189e+40,0.048638703486740154,0.013793590107178622,0.01979220046764585,8.723923447669581e+38,1.5383347167021132e+39,1.7473907230934138e+39,3.531318997562069e+38,1.0964209120641398e+41,1.9314427188263998e+41,1.731778828936638e+41,7.027222752343425e+40,4.3291852363898605e+38,1.705355121158166e+38,2.6584967049145544e+36
6600,12704.90732356635,189.0,306.0,270.0,235.0,380884687766131.2,380886643173341.94,380887544264854.56,3.568823861930288e+39,1.643363023962214e+39,1.263734028485463e+40,1.0217970438250934e+40,0.05948398954423806,0.011652119850780851,0.021143264426719544,9.118655741555166e+38,1.6097095075688683e+39,1.7710333475046294e+39,3.565783091222995e+38,1.1452571048244621e+41,2.0210518895549994e+41,1.755400042453386e+41,7.094168580473033e+40,4.5304850791425254e+38,1.7844066424117278e+38,2.7714031029033836e+36
6700,12896.55279149949,184.0,311.0,275.0,230.0,386629860255229.2,386631850391551.0,386632773200581.5,3.7486507165975294e+39,1.725248536332693e+39,1.2786809847994813e+40,1.025516629432484e+40,0.026134720122102273,0.009573845716935203,0.022083641239354357,9.546539637153871e+38,1.6896098026284268e+39,1.787493711031228e+39,3.576570241400037e+38,1.1994514474648954e+41,2.121219313729164e+41,1.7704026800818968e+41,7.117010391598523e+40,4.739239390601439e+38,1.872546479868464e+38,2.2155287966112702e+36
6800,13088.26469762871,180.0,315.0,279.0,226.0,392377037551887.5,392379049318302.6,392379984508420.5,3.8944413603637305e+39,1.802423641432332e+39,1.2935419770753325e+40,1.0320654266529715e+40,0.06583380474557732,0.02516627027639906,0.006342962597124302,9.963032225283763e+38,1.765273926305832e+39,1.8086435822286458e+39,3.605123090563238e+38,1.2511048611144712e+41,2.216255730608184e+41,1.7914945164757387e+41,7.1699162247435e+40,4.952129033107085e+38,1.9567102107167646e+38,2.3094362415004187e+36
6900,13280.08490190157,175.0,320.0,283.0,222.0,398127449114271.5,398129494837440.8,398130442504182.06,4.081254152631119e+39,1.8820229972365678e+39,1.3075821886508946e+40,1.0339131786906335e+40,0.04631540965406655,0.024139912151651677,0.008098109846723878,1.0417892777187657e+39,1.843545291338062e+39,1.829049753586696e+39,3.607110994746434e+38,1.3085806572036602e+41,2.314560761711447e+41,1.8118681430572906e+41,7.1770710242469555e+40,5.174505303175367e+38,2.043322186283316e+38,2.4103684144969853e+36
7000,13472.14990121261,170.0,325.0,287.0,218.0,403885198048334.1,403887278899284.44,403888239105273.06,4.279300048381216e+39,1.9640885394903927e+39,1.320783579903205e+40,1.0340257182136533e+40,0.10603142718451086,0.022827912580357435,0.010099321819828866,1.088512762409468e+39,1.9240996315063226e+39,1.8482880106429236e+39,3.60580153305829e+38,1.367788547262242e+41,2.4157271248491897e+41,1.83110855033439e+41,7.175338308133316e+40,5.40277526016031e+38,2.132517281275133e+38,2.5194674730113206e+36
7100,13664.38987471376,166.0,329.0,291.0,214.0,409648206749597.8,409650308393799.56,409651281249280.94,4.435263687969127e+39,2.0486219774081405e+39,1.3331088643387598e+40,1.0376984821596705e+40,0.10947658093351631,0.021249504490072457,0.012240735664297064,1.1341571572373183e+39,2.0068034118505617e+39,1.8661661985049753e+39,3.6233102057537244e+38,1.4242956645980544e+41,2.519588940000607e+41,1.8490229662990197e+41,7.207283550302263e+40,5.636224609231553e+38,2.224325422362283e+38,2.6361882803439356e+36
7200,13856.63626963442,161.0,334.0,295.0,210.0,415411394471734.06,415413530387886.8,415414516011858.1,4.641002203935912e+39,2.135576806483859e+39,1.3445178060901534e+40,1.0356995827025884e+40,0.036720167153786676,0.01944029432502936,0.014405253929237194,1.1837244040027627e+39,2.092125376938272e+39,1.8830516123276314e+39,3.612763300068486e+38,1.4869922902640658e+41,2.6267316464578058e+41,1.8659717888568277e+41,7.188648876632743e+40,5.878473676309986e+38,2.3187057249361525e+38,2.7571919202099256e+36
7300,14048.88003696045,156.0,339.0,299.0,206.0,421174502169924.25,421176673610589.25,421177672097976.75,4.8576193198648297e+39,2.2249508404375024e+39,1.3549817923923666e+40,1.0318914861604366e+40,0.048959586882422634,0.017417547541597633,0.016530689560547263,1.2345499111136462e+39,2.179712458155154e+39,1.8985420621154304e+39,3.598032583116128e+38,1.551412672032042e+41,2.7367114770649394e+41,1.8815572882807384e+41,7.159958445483883e+40,6.1269373852218886e+38,2.415742907799651e+38,2.881124084915675e+36
7400,14241.04589320112,152.0,343.0,303.0,202.0,426935289585229.5,426937481192783.56,426938492652142.2,5.024852721011406e+39,2.3167494240524293e+39,1.3644655728797072e+40,1.0322673507428448e+40,0.06035473667137348,0.015338606253867848,0.018500548968120478,1.2843552012892724e+39,2.2698079402000722e+39,1.91279110037449e+39,3.603566691965828e+38,1.6130174524799268e+41,2.8498359292884567e+41,1.8959258403213527e+41,7.168833010694187e+40,6.380838167274046e+38,2.515409898867892e+38,3.006618334777892e+36
7500,14432.91946094127,147.0,348.0,307.0,198.0,432687300175465.0,432689526458109.6,432690550986124.8,5.2502238356869526e+39,2.410911783077498e+39,1.3729301852585409e+40,1.0260305172247772e+40,0.027204639573254807,0.013221927311786397,0.020196168626269495,1.3379139568641757e+39,2.362033073524668e+39,1.9254154408434678e+39,3.578492337225215e+38,1.6808381524948453e+41,2.965624586858673e+41,1.9086931423539876e+41,7.120713457816012e+40,6.643160586532776e+38,2.617730225611898e+38,3.128768535807318e+36
7600,14624.61153032039,143.0,352.0,312.0,193.0,438433882734209.25,438436130711056.5,438437177579092.5,5.4328503614741733e+39,2.5167846605164193e+39,1.379426470862063e+40,1.0232553175517812e+40,0.06423788814594644,0.01109041521611287,0.021436374542300296,1.390127816342693e+39,2.464872524884432e+39,1.928609200249213e+39,3.576737014040192e+38,1.7456068697763937e+41,3.0945027780287225e+41,1.910218670475975e+41,7.112128882846111e+40,6.909138550151255e+38,2.7312609329719565e+38,2.3976160634734353e+36
7700,14816.26967713512,138.0,357.0,316.0,189.0,444179436121628.25,444181718022906.44,444182777206442.7,5.665359507260107e+39,2.6157224376664033e+39,1.385806955320298e+40,1.0146651530737895e+40,0.04723280627137916,0.009045440715068187,0.022266748103420664,1.4467807633810162e+39,2.5623897658118467e+39,1.9383657904218113e+39,3.5408230477528165e+38,1.817187412367089e+41,3.2169945827820585e+41,1.920059478915515e+41,7.044838006435259e+40,7.186263926936687e+38,2.839311158310416e+38,2.491507341660179e+36
7800,15007.98664597258,133.0,362.0,320.0,185.0,449926751624553.56,449929068721434.0,449930140307978.7,5.911482377709446e+39,2.717421475972811e+39,1.391082303466568e+40,1.0038675531661231e+40,0.10601235094328887,0.02491542092137955,0.006783822954876451,1.504684362495259e+39,2.662278010445236e+39,1.9464963480746786e+39,3.500735691749641e+38,1.890573229140314e+41,3.3424546135881425e+41,1.928311098826951e+41,6.9662062435955e+40,7.46955257616512e+38,2.950156191929568e+38,2.5939766871600953e+36
7900,15199.86581252005,129.0,366.0,324.0,181.0,455678943887063.44,455681281830525.3,455682365907783.3,6.10468130081424e+39,2.821943879398843e+39,1.395227508081329e+40,9.974942000195344e+39,0.10954680047371368,0.02381817454107038,0.008604719680439521,1.561350144625449e+39,2.765014248600423e+39,1.953285422519942e+39,3.4847335530986395e+38,1.960734754036485e+41,3.4714845196776973e+41,1.9352581090599294e+41,6.930876159206291e+40,7.75819903455683e+38,3.0638472622047345e+38,2.7052822753727286e+36
8000,15392.00670157365,124.0,371.0,328.0,177.0,461438968687552.9,461441340936881.9,461442437590491.4,6.359010417327019e+39,2.9293309143829944e+39,1.3982157429904779e+40,9.841169777748462e+39,0.035912141894430594,0.0224431316415985,0.010652628307903367,1.622601963764671e+39,2.8705159027485345e+39,1.958588477877552e+39,3.433704875671054e+38,2.038219713159488e+41,3.603980897133016e+41,1.940762280758402e+41,6.832183874178891e+40,8.057322205922508e+38,3.1804947355521096e+38,2.826800231316145e+36
8100,15584.23033382516,119.0,376.0,332.0,173.0,467201472721212.6,467203880545694.8,467204989880090.56,6.625954911510202e+39,3.039485279577404e+39,1.400013727090072e+40,9.685474605227475e+39,0.050147091559509915,0.020799989379160166,0.012810566543375757,1.684971624651534e+39,2.978048986471606e+39,1.9618520478769485e+39,3.3771680182851078e+38,2.117274592976368e+41,3.739020559223156e+41,1.944270654791093e+41,6.720418576741468e+40,8.363617896416346e+38,3.3001380758963465e+38,2.9561292307898884e+36
8200,15776.49245190454,115.0,380.0,336.0,169.0,472965145979980.5,472967573896036.1,472968696013015.7,6.831182456501419e+39,3.1524018387257964e+39,1.4005912204803965e+40,9.581882346553039e+39,0.05961415560468697,0.01890593116807726,0.014990422296008,1.7461211833693893e+39,3.088714202535421e+39,1.9637583930443812e+39,3.345927528159735e+38,2.192896731502173e+41,3.877985727554699e+41,1.9464576296111975e+41,6.655699324249987e+40,8.67590079924207e+38,3.422738337544798e+38,3.0890206022409285e+36
8300,15968.72350198989,110.0,385.0,340.0,165.0,478727873351510.44,478730335879027.4,478731470895381.2,7.107318272865567e+39,3.268071561829348e+39,1.399918457253256e+40,9.397452835601007e+39,0.027294814129460443,0.01687757115326516,0.017071331780682097,1.8121500743101712e+39,3.2024697282551366e+39,1.9641943737685527e+39,3.278274311596843e+38,2.2764885957504945e+41,4.020823582168265e+41,1.947205964229574e+41,6.523167537187833e+40,8.997777838927629e+38,3.548286034658401e+38,3.225072471375977e+36
8400,16160.83610413729,106.0,389.0,344.0,161.0,484487062764350.56,484489546991405.3,484490695009339.9,7.330920258240428e+39,3.386482727898346e+39,1.3979656439078419e+40,9.255328903393229e+39,0.06302005619379636,0.014788649797775166,0.01897208278009499,1.8761296491008824e+39,3.3186214055497786e+39,1.96266815304906e+39,3.2388029955247282e+38,2.355844633528819e+41,4.1666624705661994e+41,1.9460238963999096e+41,6.438185532078277e+40,9.32353822732458e+38,3.676849514731558e+38,3.3604013943645515e+36
8500,16352.63971714366,101.0,394.0,348.0,157.0,490236977078844.25,490239495134604.75,490240656241141.06,7.614013098023679e+39,3.5075172390960124e+39,1.3947098020830668e+40,9.043183368281524e+39,0.04854907747441595,0.012654559015655042,0.020564487998647962,1.9450116011988622e+39,3.4370352807091444e+39,1.959067774833407e+39,3.1568756205910934e+38,2.4428605899158096e+41,4.315327915655074e+41,1.942796159223143e+41,6.280374979304054e+40,9.662075459969473e+38,3.808420947899405e+38,3.491928372243833e+36
8600,16544.28466484781,96.0,399.0,353.0,152.0,495982133524667.3,495984686758620.1,495985869976843.56,7.913251281753617e+39,3.6429980139290454e+39,1.3889539137059519e+40,8.804172431069746e+39,0.10601578282327484,0.010530088120542125,0.021707904649910903,2.0155541620330035e+39,3.5689350495633064e+39,1.9435360425551938e+39,3.0707061369111892e+38,2.532258577421934e+41,4.480646280655341e+41,1.9252978946841947e+41,6.110372617503204e+40,1.0006563996085559e+39,3.953949649426987e+38,2.5278716807808202e+36
8700,16735.96610485011,92.0,403.0,357.0,148.0,501728398198922.1,501730972360400.2,501732167915629.6,8.147986433904608e+39,3.769506610999604e+39,1.383021224694837e+40,8.618754910346974e+39,0.1094086508683596,0.008514918410126304,0.022418361977155188,2.0841889262923843e+39,3.6934479323594223e+39,1.9362624130614782e+39,3.013526610329991e+38,2.6172527078990324e+41,4.6370448961101744e+41,1.9183309000911017e+41,5.992250377463151e+40,1.0356583503820008e+39,4.092017854114512e+38,2.627656883827349e+36
8800,16927.71538975313,87.0,408.0,361.0,144.0,507476683315304.56,507479291840287.4,507480499830101.94,8.455890111602198e+39,3.89914999110063e+39,1.3756735992557203e+40,8.348997736454416e+39,0.0357883353429993,0.02464932371745787,0.007239604849115455,2.1579928945843574e+39,3.820618185829575e+39,1.926965016099388e+39,2.9135215492910658e+38,2.7106300909865244e+41,4.796770429140112e+41,1.909384320517853e+41,5.79684119928484e+40,1.0718327118270323e+39,4.23324355966685e+38,2.737637253932589e+36
8900,17119.65914869008,82.0,413.0,365.0,140.0,513230797138975.56,513233441320514.9,513234661809397.4,8.778487659279933e+39,4.0319818027703525e+39,1.366881950493534e+40,8.053092343003909e+39,0.05100230618951129,0.02346855288828431,0.009135145238556186,2.2336525992481144e+39,3.9511595459529054e+39,1.915937368831562e+39,2.808383363877509e+38,2.8065397784831658e+41,4.960718980467183e+41,1.8987571678658743e+41,5.588515513886613e+40,1.1087536822204025e+39,4.377700941357601e+38,2.859125886229886e+36
9000,17311.81663766893,78.0,417.0,369.0,136.0,518991333820357.4,518993998063489.06,518995231162692.5,9.025552020796355e+39,4.1680455462317297e+39,1.3566117504722654e+40,7.820961938710814e+39,0.05861657334090209,0.022036104058102746,0.011214651294071176,2.3075481136996645e+39,4.084942563049948e+39,1.9030383700657537e+39,2.7334024033883474e+38,2.897925827993185e+41,5.1287312805485694e+41,1.8863084599177204e+41,5.436357056941445e+40,1.1463646752121511e+39,4.5254517817643554e+38,2.9923615663010443e+36
9100,17504.07288036668,73.0,422.0,373.0,132.0,524754816366683.1,524757515278775.75,524758761087903.9,9.35804603629886e+39,4.307246463305931e+39,1.3448387110706033e+40,7.491355004412621e+39,0.02644218517914676,0.020325373384306733,0.013388785012079962,2.3865284374269156e+39,4.221057223477773e+39,1.887789608950701e+39,2.6139470689099958e+38,2.9979215835663856e+41,5.299661324588579e+41,1.871561625060047e+41,5.201073605034423e+40,1.1851164901263205e+39,4.67660198214658e+38,3.132920394815057e+36
9200,17696.3322367882,69.0,426.0,377.0,128.0,530518405350463.1,530521125837138.56,530522384465579.25,9.625762867109256e+39,4.449534995881327e+39,1.331540079588124e+40,7.214182575392742e+39,0.06359282574125125,0.018390715164312788,0.015541182831174893,2.4633730313275785e+39,4.3605991851959714e+39,1.8706468096591918e+39,2.529139992779563e+38,3.0932170025516135e+41,5.474884843069081e+41,1.8549632069788662e+41,5.024703274015212e+40,1.224257374868536e+39,4.831058909280925e+38,3.2767960531401025e+36
9300,17888.58153055548,64.0,431.0,381.0,124.0,536281680435079.75,536284434733443.2,536285706290135.0,9.96515490371207e+39,4.5949157284869546e+39,1.3166881057189755e+40,6.852725819019409e+39,0.048915353078823554,0.016325636751821637,0.017596848519348063,2.546169653743461e+39,4.5029746188015326e+39,1.8512920157439546e+39,2.3942092011669735e+38,3.1977881106824344e+41,5.65365887413846e+41,1.8361952541335935e+41,4.7622805886083e+40,1.2648831542501568e+39,4.988891346078565e+38,3.42334125720035e+36
9400,18080.57747877809,59.0,436.0,385.0,120.0,542037359413957.6,542040148761746.2,542041433328276.1,1.0322365344597286e+40,4.743210063914171e+39,1.3002752302575607e+40,6.460638719073266e+39,0.10587606955183038,0.014210588692797455,0.019441719843297456,2.6307083263432243e+39,4.6487164934005744e+39,1.829897324402075e+39,2.254102527211817e+38,3.3048944251598425e+41,5.836642264486535e+41,1.815419828312718e+41,4.485239651063365e+40,1.306136851300235e+39,5.1499836173594746e+38,3.566254221488777e+36
9500,18272.33771766244,55.0,440.0,389.0,116.0,547785986266938.9,547788796622527.2,547790094309769.44,1.0603002577746726e+40,4.894533499308337e+39,1.2822686201270155e+40,6.132080468012874e+39,0.10924268661291747,0.012078289172285928,0.020905455690396257,2.712474615898458e+39,4.796945513703522e+39,1.8060739453704448e+39,2.148711205717484e+38,3.406156321059502e+41,6.0227412624333025e+41,1.7922437020262473e+41,4.2700794939069605e+40,1.3479169473868536e+39,5.314446649559934e+38,3.704808260700308e+36
9600,18463.97141856032,50.0,445.0,394.0,111.0,553530806387936.44,553533651086289.6,553534970659027.0,1.0969227081310506e+40,5.063286005852042e+39,1.261204336572575e+40,5.704623501629206e+39,0.036786457685286544,0.009981538877309015,0.02193179585178129,2.800571495621944e+39,4.9614498728538954e+39,1.7672935172699805e+39,1.9925672345245595e+38,3.517605608615225e+41,6.2289534069848406e+41,1.7511767913546326e+41,3.9638760829091643e+40,1.3909628577728866e+39,5.49596277022007e+38,2.475499754694615e+36
9700,18655.69451778052,45.0,450.0,398.0,107.0,559278305190845.1,559281185559695.1,559282517513332.9,1.1352547477643945e+40,5.22081051322643e+39,1.239916439539914e+40,5.2464301939073536e+39,0.050321015950750336,0.008024121168648923,0.02253945826901238,2.8903471992646674e+39,5.116405111768874e+39,1.7388670378973358e+39,1.8302509423197246e+38,3.631420398166971e+41,6.423590850842632e+41,1.7233256501197323e+41,3.6419936421193585e+40,1.434806534020872e+39,5.667707751035377e+38,2.5797528952570144e+36
9800,18847.46215371237,41.0,454.0,402.0,103.0,565027154658370.5,565030055168367.0,565031399569515.1,1.164569757708764e+40,5.381753744779381e+39,1.2169128281491428e+40,4.8645061196227276e+39,0.05836179729947677,0.024370558638964868,0.007716743249272406,2.977495812819534e+39,5.274295270792554e+39,1.708009500691153e+39,1.7036669114864716e+38,3.739208007948608e+41,6.621893750950736e+41,1.693101180927655e+41,3.386645636295716e+40,1.4793694174088594e+39,5.842974611651022e+38,2.6974470420142917e+36
9900,19039.44466487379,36.0,459.0,406.0,99.0,570782431107369.0,570785366376423.4,570786723312048.4,1.2039750832325285e+40,5.546300035949034e+39,1.1921380398608335e+40,4.367413685535666e+39,0.025682024678424842,0.023138519440466077,0.009651565638564064,3.0710884824393407e+39,5.4356776764916207e+39,1.6748563651656134e+39,1.5252483388598586e+38,3.8577205073102034e+41,6.82457571858832e+41,1.660639058683137e+41,3.0344761797060025e+40,1.5251818877730475e+39,6.021874010022317e+38,2.828458320539632e+36
10000,19231.6815276142,32.0,463.0,410.0,95.0,576545345833313.2,576548302613264.0,576549672170440.9,1.2355601748101043e+40,5.71448124476702e+39,1.165556912053045e+40,3.9338954878239106e+39,0.0648963921110004,0.021484310321165045,3.162222294972373e+39,5.60118789150458e+39,1.6395226116538245e+39,1.3878298711171876e+38,3.970723985613025e+41,7.032429862538802e+41,1.626060351645028e+41,2.752303431872507e+40,1.571437953825327e+39,6.204466963475399e+38,2.9725444070218864e+36,9.914738084808965e+35
10100,19423.91707089253,27.0,468.0,414.0,91.0,582308208663822.6,582311199295269.4,582312581597781.9,1.2756474813818625e+40,5.88607675678318e+39,1.1371734583878073e+40,3.400596017739145e+39,0.04797746861567287,0.0198515826919341,0.013952942601424212,3.259850202453283e+39,5.769146438841004e+39,1.6014678109882606e+39,1.1916108914607947e+38,4.094043077852733e+41,7.243344621194147e+41,1.588813503095189e+41,2.3688231434924087e+40,1.6193659264520982e+39,6.390771591627771e+38,3.122912814129655e+36
10200,19616.18685207669,22.0,473.0,418.0,87.0,588072096697338.8,588075122371092.8,588076517516231.6,1.3177387211591787e+40,6.061110817803828e+39,1.1069562974422405e+40,2.8321934661800767e+39,0.10594821745256433,0.017856549980986847,0.01608776901947051,3.3592579755110113e+39,5.940553032422106e+39,1.5609410389667854e+39,9.894383582372866e+37,4.21997121094515e+41,7.458577652980491e+41,1.5491486786506817e+41,1.9684949555425216e+40,1.6680525950213954e+39,6.5808102356156784e+38,3.2770267289451723e+36
10300,19808.39515866901,18.0,477.0,422.0,83.0,593834155965184.9,593837202542758.2,593838610628067.4,1.3507229551285697e+40,6.239493415007391e+39,1.0748936067054942e+40,2.339607124993579e+39,0.10916668328427237,0.015758409091719106,0.018125708765505122,3.4556895036216614e+39,6.11538562382768e+39,1.517888110793253e+39,8.287900437567786e+37,4.339371765806775e+41,7.678098759583651e+41,1.5070061241862814e+41,1.6422412920961846e+40,1.717294748266554e+39,6.774540192126e+38,3.4320920261501213e+36
10400,20000.33640050848,13.0,482.0,426.0,79.0,599588195715297.8,599591276564864.6,599592697707815.0,1.3936869608161587e+40,6.421169021007417e+39,1.0409830401370559e+40,1.731912890367251e+39,0.03800525045686154,0.013674840928227683,0.019877486888377316,3.559327051097405e+39,6.293837488624981e+39,1.4723248963152588e+39,6.084871701800983e+37,4.4704462076494706e+41,7.90215387440979e+41,1.4623803996641983e+41,1.2092299426580445e+40,1.7679213425559687e+39,6.971842040833781e+38,3.5786824563446596e+36
10500,20192.03242287555,8.0,487.0,431.0,74.0,605334882889778.2,605337999320486.6,605339442984257.4,1.438562587572714e+40,6.62399385898864e+39,1.0034169178245888e+40,1.0895613767014794e+39,0.04867324674539253,0.011531327147125126,0.021217902693735358,3.6646401144414306e+39,6.490921792878995e+39,1.408655096831847e+39,3.81286694743472e+37,4.603952440873864e+41,8.149107775878182e+41,1.3962170964621928e+41,7.584989172456311e+39,1.819318653907468e+39,7.189048072124929e+38,2.1009266418191643e+36
10600,20383.66119808665,4.0,491.0,435.0,70.0,611079569437953.2,611082706120729.5,611084162060798.9,1.4729311781437782e+40,6.811744754414743e+39,9.657776433370354e+39,5.363380823141867e+38,0.05941752899472008,0.009440016895405634,0.022146711749813752,3.7666010830039164e+39,6.675726763426804e+39,1.3574796145828527e+39,1.9643801583057027e+37,4.730078740790412e+41,8.38124495100681e+41,1.3458815992347772e+41,3.86444530648725e+39,1.8714374332745505e+39,7.394342184869136e+38,2.1981472386050898e+36
