branch,sep,s1,off,bias,n
fc,2.0,0.4,1.0,,0
fc,2.0,0.4,1.5,,0
fc,2.0,0.4,2.0,,0
fc,2.0,0.4,2.5,,0
fc,2.0,0.4,3.0,,0
fc,2.0,0.4,4.0,,0
fc,2.0,0.4,5.0,,0
fc,2.0,0.4,6.0,,0
fc,2.0,0.4,7.0,,0
fc,2.0,0.6,1.0,,0
fc,2.0,0.6,1.5,,0
fc,2.0,0.6,2.0,,0
fc,2.0,0.6,2.5,,0
fc,2.0,0.6,3.0,,0
fc,2.0,0.6,4.0,,0
fc,2.0,0.6,5.0,,0
fc,2.0,0.6,6.0,,0
fc,2.0,0.6,7.0,,0
fc,2.0,0.8,1.0,,0
fc,2.0,0.8,1.5,,0
fc,2.0,0.8,2.0,,0
fc,2.0,0.8,2.5,,0
fc,2.0,0.8,3.0,,0
fc,2.0,0.8,4.0,,0
fc,2.0,0.8,5.0,,0
fc,2.0,0.8,6.0,,0
fc,2.0,0.8,7.0,,0
fc,2.0,1.0,1.0,,0
fc,2.0,1.0,1.5,,0
fc,2.0,1.0,2.0,,0
fc,2.0,1.0,2.5,,0
fc,2.0,1.0,3.0,,0
fc,2.0,1.0,4.0,,0
fc,2.0,1.0,5.0,,0
fc,2.0,1.0,6.0,,0
fc,2.0,1.0,7.0,,0
fc,2.0,1.3,1.0,,0
fc,2.0,1.3,1.5,,0
fc,2.0,1.3,2.0,,0
fc,2.0,1.3,2.5,,0
fc,2.0,1.3,3.0,,0
fc,2.0,1.3,4.0,,0
fc,2.0,1.3,5.0,,0
fc,2.0,1.3,6.0,,0
fc,2.0,1.3,7.0,,0
fc,2.0,1.7,1.0,,0
fc,2.0,1.7,1.5,,0
fc,2.0,1.7,2.0,,0
fc,2.0,1.7,2.5,,0
fc,2.0,1.7,3.0,,0
fc,2.0,1.7,4.0,,0
fc,2.0,1.7,5.0,,0
fc,2.0,1.7,6.0,,0
fc,2.0,1.7,7.0,,0
fc,2.0,2.2,1.0,,0
fc,2.0,2.2,1.5,,0
fc,2.0,2.2,2.0,,0
fc,2.0,2.2,2.5,,0
fc,2.0,2.2,3.0,,0
fc,2.0,2.2,4.0,,0
fc,2.0,2.2,5.0,,0
fc,2.0,2.2,6.0,,0
fc,2.0,2.2,7.0,,0
fc,2.3,0.4,1.0,,0
fc,2.3,0.4,1.5,,0
fc,2.3,0.4,2.0,,0
fc,2.3,0.4,2.5,,0
fc,2.3,0.4,3.0,,0
fc,2.3,0.4,4.0,,0
fc,2.3,0.4,5.0,,0
fc,2.3,0.4,6.0,,0
fc,2.3,0.4,7.0,,0
fc,2.3,0.6,1.0,,0
fc,2.3,0.6,1.5,,0
fc,2.3,0.6,2.0,,0
fc,2.3,0.6,2.5,,0
fc,2.3,0.6,3.0,,0
fc,2.3,0.6,4.0,,0
fc,2.3,0.6,5.0,,0
fc,2.3,0.6,6.0,,0
fc,2.3,0.6,7.0,,0
fc,2.3,0.8,1.0,,0
fc,2.3,0.8,1.5,,0
fc,2.3,0.8,2.0,,0
fc,2.3,0.8,2.5,,0
fc,2.3,0.8,3.0,,0
fc,2.3,0.8,4.0,,0
fc,2.3,0.8,5.0,,0
fc,2.3,0.8,6.0,,0
fc,2.3,0.8,7.0,,0
fc,2.3,1.0,1.0,,0
fc,2.3,1.0,1.5,0.0629586895287646,1
fc,2.3,1.0,2.0,0.06003970797656433,1
fc,2.3,1.0,2.5,0.06295868952876371,1
fc,2.3,1.0,3.0,0.06003970797656455,1
fc,2.3,1.0,4.0,0.06003970797656477,1
fc,2.3,1.0,5.0,0.06003970797656555,1
fc,2.3,1.0,6.0,0.06003970797656488,1
fc,2.3,1.0,7.0,0.06003970797656477,1
fc,2.3,1.3,1.0,0.026276172536429554,2
fc,2.3,1.3,1.5,0.026491346549980865,1
fc,2.3,1.3,2.0,0.026276172536429332,2
fc,2.3,1.3,2.5,0.026491346549981087,1
fc,2.3,1.3,3.0,0.026276172536430276,2
fc,2.3,1.3,4.0,0.02627617253642983,2
fc,2.3,1.3,5.0,0.02627617253643011,2
fc,2.3,1.3,6.0,0.026276172536430054,2
fc,2.3,1.3,7.0,0.02627617253643061,2
fc,2.3,1.7,1.0,-0.0021275848848656687,2
fc,2.3,1.7,1.5,-0.0020983216459542764,2
fc,2.3,1.7,2.0,-0.0021275848848658907,2
fc,2.3,1.7,2.5,-0.002098321645954332,2
fc,2.3,1.7,3.0,-0.0021275848848658074,2
fc,2.3,1.7,4.0,-0.0021275848848656687,2
fc,2.3,1.7,5.0,-0.002127584884865391,2
fc,2.3,1.7,6.0,-0.002127584884865613,2
fc,2.3,1.7,7.0,-0.0021275848848654466,2
fc,2.3,2.2,1.0,-0.01097340163317398,2
fc,2.3,2.2,1.5,-0.010735578745978858,2
fc,2.3,2.2,2.0,-0.010973401633174035,2
fc,2.3,2.2,2.5,-0.010735578745978719,2
fc,2.3,2.2,3.0,-0.010973401633173702,2
fc,2.3,2.2,4.0,-0.010973401633173924,2
fc,2.3,2.2,5.0,-0.010973401633173563,2
fc,2.3,2.2,6.0,-0.010973401633173507,2
fc,2.3,2.2,7.0,-0.01097340163317359,2
fc,2.5,0.4,1.0,,0
fc,2.5,0.4,1.5,,0
fc,2.5,0.4,2.0,,0
fc,2.5,0.4,2.5,,0
fc,2.5,0.4,3.0,,0
fc,2.5,0.4,4.0,,0
fc,2.5,0.4,5.0,,0
fc,2.5,0.4,6.0,,0
fc,2.5,0.4,7.0,,0
fc,2.5,0.6,1.0,,0
fc,2.5,0.6,1.5,,0
fc,2.5,0.6,2.0,0.11994937545585926,1
fc,2.5,0.6,2.5,0.11987796482346091,1
fc,2.5,0.6,3.0,0.11994937545586015,1
fc,2.5,0.6,4.0,0.11994937545586015,1
fc,2.5,0.6,5.0,0.11994937545586004,1
fc,2.5,0.6,6.0,0.11994937545586071,1
fc,2.5,0.6,7.0,0.11994937545586093,1
fc,2.5,0.8,1.0,,0
fc,2.5,0.8,1.5,0.07017407019170802,2
fc,2.5,0.8,2.0,0.07046309058080552,2
fc,2.5,0.8,2.5,0.07017407019170774,2
fc,2.5,0.8,3.0,0.07046309058080602,2
fc,2.5,0.8,4.0,0.07046309058080569,2
fc,2.5,0.8,5.0,0.07046309058080591,2
fc,2.5,0.8,6.0,0.07046309058080585,2
fc,2.5,0.8,7.0,0.07046309058080669,2
fc,2.5,1.0,1.0,,0
fc,2.5,1.0,1.5,0.04875182773446096,2
fc,2.5,1.0,2.0,0.04994061503370245,2
fc,2.5,1.0,2.5,0.04875182773446135,2
fc,2.5,1.0,3.0,0.049940615033702895,2
fc,2.5,1.0,4.0,0.04994061503370312,2
fc,2.5,1.0,5.0,0.04994061503370312,2
fc,2.5,1.0,6.0,0.049940615033703395,2
fc,2.5,1.0,7.0,0.04994061503370323,2
fc,2.5,1.3,1.0,0.014357778902228058,2
fc,2.5,1.3,1.5,0.014349760786226073,2
fc,2.5,1.3,2.0,0.014357778902228169,2
fc,2.5,1.3,2.5,0.014349760786226295,2
fc,2.5,1.3,3.0,0.014357778902228224,2
fc,2.5,1.3,4.0,0.014357778902228502,2
fc,2.5,1.3,5.0,0.014357778902228335,2
fc,2.5,1.3,6.0,0.014357778902228668,2
fc,2.5,1.3,7.0,0.014357778902228335,2
fc,2.5,1.7,1.0,-0.0028343544210128746,2
fc,2.5,1.7,1.5,-0.003792694282498066,2
fc,2.5,1.7,2.0,-0.0028343544210128746,2
fc,2.5,1.7,2.5,-0.0037926942824978993,2
fc,2.5,1.7,3.0,-0.0028343544210127636,2
fc,2.5,1.7,4.0,-0.002834354421012597,2
fc,2.5,1.7,5.0,-0.002834354421012486,2
fc,2.5,1.7,6.0,-0.0028343544210124305,2
fc,2.5,1.7,7.0,-0.002834354421012486,2
fc,2.5,2.2,1.0,-0.00867614722891999,2
fc,2.5,2.2,1.5,-0.009986160099545283,2
fc,2.5,2.2,2.0,-0.00867614722891985,2
fc,2.5,2.2,2.5,-0.0099861600995452,2
fc,2.5,2.2,3.0,-0.008676147228919934,2
fc,2.5,2.2,4.0,-0.008676147228919712,2
fc,2.5,2.2,5.0,-0.0086761472289196,2
fc,2.5,2.2,6.0,-0.008676147228919434,2
fc,2.5,2.2,7.0,-0.0086761472289196,2
fc,3.0,0.4,1.0,,0
fc,3.0,0.4,1.5,,0
fc,3.0,0.4,2.0,,0
fc,3.0,0.4,2.5,0.14398518876700622,2
fc,3.0,0.4,3.0,0.1449441203927868,2
fc,3.0,0.4,4.0,0.14494412039278642,2
fc,3.0,0.4,5.0,0.14494412039278676,2
fc,3.0,0.4,6.0,0.1449441203927866,2
fc,3.0,0.4,7.0,0.14494412039278726,2
fc,3.0,0.6,1.0,,0
fc,3.0,0.6,1.5,,0
fc,3.0,0.6,2.0,0.09087530892474455,2
fc,3.0,0.6,2.5,0.09317256817025199,2
fc,3.0,0.6,3.0,0.09087530892474466,2
fc,3.0,0.6,4.0,0.09087530892474383,2
fc,3.0,0.6,5.0,0.09087530892474471,2
fc,3.0,0.6,6.0,0.09087530892474499,2
fc,3.0,0.6,7.0,0.09087530892474494,2
fc,3.0,0.8,1.0,,0
fc,3.0,0.8,1.5,0.054479039031352594,2
fc,3.0,0.8,2.0,0.05426192974247851,2
fc,3.0,0.8,2.5,0.054479039031352816,2
fc,3.0,0.8,3.0,0.054261929742478454,2
fc,3.0,0.8,4.0,0.05426192974247851,2
fc,3.0,0.8,5.0,0.054261929742479176,2
fc,3.0,0.8,6.0,0.054261929742479065,2
fc,3.0,0.8,7.0,0.0542619297424794,2
fc,3.0,1.0,1.0,,0
fc,3.0,1.0,1.5,0.025649085746221045,2
fc,3.0,1.0,2.0,0.02564940050294684,2
fc,3.0,1.0,2.5,0.025649085746221156,2
fc,3.0,1.0,3.0,0.025649400502946895,2
fc,3.0,1.0,4.0,0.025649400502946895,2
fc,3.0,1.0,5.0,0.025649400502947006,2
fc,3.0,1.0,6.0,0.02564940050294723,2
fc,3.0,1.0,7.0,0.02564940050294734,2
fc,3.0,1.3,1.0,0.006221952753530102,2
fc,3.0,1.3,1.5,0.006221212533649212,2
fc,3.0,1.3,2.0,0.006221952753530213,2
fc,3.0,1.3,2.5,0.006221212533649267,2
fc,3.0,1.3,3.0,0.006221952753530324,2
fc,3.0,1.3,4.0,0.006221952753530324,2
fc,3.0,1.3,5.0,0.006221952753530435,2
fc,3.0,1.3,6.0,0.006221952753530546,2
fc,3.0,1.3,7.0,0.006221952753530768,2
fc,3.0,1.7,1.0,-0.0021323065365461136,2
fc,3.0,1.7,1.5,-0.0017108364243680063,2
fc,3.0,1.7,2.0,-0.0021323065365462246,2
fc,3.0,1.7,2.5,-0.001710836424367812,2
fc,3.0,1.7,3.0,-0.002132306536546169,2
fc,3.0,1.7,4.0,-0.0021323065365461136,2
fc,3.0,1.7,5.0,-0.00213230653654628,2
fc,3.0,1.7,6.0,-0.0021323065365459193,2
fc,3.0,1.7,7.0,-0.0021323065365459193,2
fc,3.0,2.2,1.0,-0.005469905798325736,2
fc,3.0,2.2,1.5,-0.005907546032722921,2
fc,3.0,2.2,2.0,-0.005469905798325819,2
fc,3.0,2.2,2.5,-0.0059075460327228935,2
fc,3.0,2.2,3.0,-0.005469905798325708,2
fc,3.0,2.2,4.0,-0.005469905798325764,2
fc,3.0,2.2,5.0,-0.005469905798325764,2
fc,3.0,2.2,6.0,-0.005469905798325542,2
fc,3.0,2.2,7.0,-0.005469905798325542,2
fc,3.5,0.4,1.0,,0
fc,3.5,0.4,1.5,,0
fc,3.5,0.4,2.0,,0
fc,3.5,0.4,2.5,0.13136718333596548,2
fc,3.5,0.4,3.0,0.13325191889099697,2
fc,3.5,0.4,4.0,0.1332519188909968,2
fc,3.5,0.4,5.0,0.13325191889099708,2
fc,3.5,0.4,6.0,0.13325191889099697,2
fc,3.5,0.4,7.0,0.13325191889099708,2
fc,3.5,0.6,1.0,,0
fc,3.5,0.6,1.5,,0
fc,3.5,0.6,2.0,0.07243308320071518,2
fc,3.5,0.6,2.5,0.07259659092210374,2
fc,3.5,0.6,3.0,0.07243308320071512,2
fc,3.5,0.6,4.0,0.07243308320071534,2
fc,3.5,0.6,5.0,0.07243308320071523,2
fc,3.5,0.6,6.0,0.07243308320071506,2
fc,3.5,0.6,7.0,0.07243308320071568,2
fc,3.5,0.8,1.0,,0
fc,3.5,0.8,1.5,0.03357524647966337,2
fc,3.5,0.8,2.0,0.033578326317971474,2
fc,3.5,0.8,2.5,0.03357524647966342,2
fc,3.5,0.8,3.0,0.033578326317971474,2
fc,3.5,0.8,4.0,0.03357832631797164,2
fc,3.5,0.8,5.0,0.03357832631797164,2
fc,3.5,0.8,6.0,0.03357832631797186,2
fc,3.5,0.8,7.0,0.03357832631797203,2
fc,3.5,1.0,1.0,,0
fc,3.5,1.0,1.5,0.01444969519491962,2
fc,3.5,1.0,2.0,0.0150482922875817,2
fc,3.5,1.0,2.5,0.014449695194919565,2
fc,3.5,1.0,3.0,0.015048292287581755,2
fc,3.5,1.0,4.0,0.015048292287581588,2
fc,3.5,1.0,5.0,0.015048292287581644,2
fc,3.5,1.0,6.0,0.015048292287581755,2
fc,3.5,1.0,7.0,0.01504829228758181,2
fc,3.5,1.3,1.0,0.003587099062204724,2
fc,3.5,1.3,1.5,0.003122492742708538,2
fc,3.5,1.3,2.0,0.003587099062204946,2
fc,3.5,1.3,2.5,0.0031224927427085936,2
fc,3.5,1.3,3.0,0.0035870990622048904,2
fc,3.5,1.3,4.0,0.003587099062204835,2
fc,3.5,1.3,5.0,0.0035870990622048904,2
fc,3.5,1.3,6.0,0.0035870990622051124,2
fc,3.5,1.3,7.0,0.0035870990622051124,2
fc,3.5,1.7,1.0,-0.0012560934231376775,2
fc,3.5,1.7,1.5,-0.0018697205150794705,2
fc,3.5,1.7,2.0,-0.001256093423137733,2
fc,3.5,1.7,2.5,-0.0018697205150792484,2
fc,3.5,1.7,3.0,-0.001256093423137622,2
fc,3.5,1.7,4.0,-0.0012560934231376497,2
fc,3.5,1.7,5.0,-0.001256093423137622,2
fc,3.5,1.7,6.0,-0.001256093423137733,2
fc,3.5,1.7,7.0,-0.0012560934231375664,2
fc,3.5,2.2,1.0,-0.0035910732569742754,2
fc,3.5,2.2,1.5,-0.0033057410399801035,2
fc,3.5,2.2,2.0,-0.00359107325697422,2
fc,3.5,2.2,2.5,-0.003305741039980048,2
fc,3.5,2.2,3.0,-0.0035910732569742476,2
fc,3.5,2.2,4.0,-0.0035910732569742754,2
fc,3.5,2.2,5.0,-0.0035910732569741644,2
fc,3.5,2.2,6.0,-0.0035910732569741644,2
fc,3.5,2.2,7.0,-0.003591073256973998,2
fc,4.0,0.4,1.0,,0
fc,4.0,0.4,1.5,,0
fc,4.0,0.4,2.0,,0
fc,4.0,0.4,2.5,0.11276210626507788,2
fc,4.0,0.4,3.0,0.112640443777354,2
fc,4.0,0.4,4.0,0.11264044377735394,2
fc,4.0,0.4,5.0,0.11264044377735416,2
fc,4.0,0.4,6.0,0.11264044377735422,2
fc,4.0,0.4,7.0,0.11264044377735405,2
fc,4.0,0.6,1.0,,0
fc,4.0,0.6,1.5,,0
fc,4.0,0.6,2.0,0.05179237269222503,2
fc,4.0,0.6,2.5,0.05113325281476894,2
fc,4.0,0.6,3.0,0.05179237269222542,2
fc,4.0,0.6,4.0,0.051792372692225475,2
fc,4.0,0.6,5.0,0.051792372692225364,2
fc,4.0,0.6,6.0,0.051792372692225475,2
fc,4.0,0.6,7.0,0.05179237269222575,2
fc,4.0,0.8,1.0,,0
fc,4.0,0.8,1.5,0.02113110893956044,2
fc,4.0,0.8,2.0,0.021132932185851994,2
fc,4.0,0.8,2.5,0.021131108939560495,2
fc,4.0,0.8,3.0,0.02113293218585216,2
fc,4.0,0.8,4.0,0.021132932185852216,2
fc,4.0,0.8,5.0,0.021132932185852327,2
fc,4.0,0.8,6.0,0.021132932185852382,2
fc,4.0,0.8,7.0,0.021132932185852382,2
fc,4.0,1.0,1.0,,0
fc,4.0,1.0,1.5,0.009001793512008138,2
fc,4.0,1.0,2.0,0.009314604421396866,2
fc,4.0,1.0,2.5,0.00900179351200825,2
fc,4.0,1.0,3.0,0.00931460442139681,2
fc,4.0,1.0,4.0,0.009314604421396866,2
fc,4.0,1.0,5.0,0.009314604421396755,2
fc,4.0,1.0,6.0,0.009314604421397032,2
fc,4.0,1.0,7.0,0.009314604421397032,2
fc,4.0,1.3,1.0,0.002011949035024163,2
fc,4.0,1.3,1.5,0.0023273004228879235,2
fc,4.0,1.3,2.0,0.0020119490350242186,2
fc,4.0,1.3,2.5,0.0023273004228879235,2
fc,4.0,1.3,3.0,0.002011949035024163,2
fc,4.0,1.3,4.0,0.002011949035024163,2
fc,4.0,1.3,5.0,0.0020119490350243296,2
fc,4.0,1.3,6.0,0.002011949035024385,2
fc,4.0,1.3,7.0,0.002011949035024274,2
fc,4.0,1.7,1.0,-0.0009076861426622063,2
fc,4.0,1.7,1.5,-0.0010925812011718938,2
fc,4.0,1.7,2.0,-0.0009076861426619842,2
fc,4.0,1.7,2.5,-0.0010925812011717828,2
fc,4.0,1.7,3.0,-0.0009076861426620397,2
fc,4.0,1.7,4.0,-0.0009076861426620397,2
fc,4.0,1.7,5.0,-0.0009076861426619842,2
fc,4.0,1.7,6.0,-0.0009076861426620397,2
fc,4.0,1.7,7.0,-0.0009076861426618732,2
fc,4.0,2.2,1.0,-0.002431620393719053,2
fc,4.0,2.2,1.5,-0.0023840410252610467,2
fc,4.0,2.2,2.0,-0.0024316203937188585,2
fc,4.0,2.2,2.5,-0.002384041025261102,2
fc,4.0,2.2,3.0,-0.002431620393718942,2
fc,4.0,2.2,4.0,-0.002431620393718914,2
fc,4.0,2.2,5.0,-0.0024316203937188585,2
fc,4.0,2.2,6.0,-0.002431620393718914,2
fc,4.0,2.2,7.0,-0.0024316203937188308,2
fc,4.5,0.4,1.0,,0
fc,4.5,0.4,1.5,,0
fc,4.5,0.4,2.0,,0
fc,4.5,0.4,2.5,0.09103523185720647,2
fc,4.5,0.4,3.0,0.0909382350761967,2
fc,4.5,0.4,4.0,0.09093823507619647,2
fc,4.5,0.4,5.0,0.09093823507619664,2
fc,4.5,0.4,6.0,0.09093823507619703,2
fc,4.5,0.4,7.0,0.09093823507619653,2
fc,4.5,0.6,1.0,,0
fc,4.5,0.6,1.5,,0
fc,4.5,0.6,2.0,0.03560523890992218,2
fc,4.5,0.6,2.5,0.03519862933604989,2
fc,4.5,0.6,3.0,0.03560523890992229,2
fc,4.5,0.6,4.0,0.03560523890992229,2
fc,4.5,0.6,5.0,0.03560523890992229,2
fc,4.5,0.6,6.0,0.03560523890992223,2
fc,4.5,0.6,7.0,0.03560523890992251,2
fc,4.5,0.8,1.0,,0
fc,4.5,0.8,1.5,0.014491382615893333,2
fc,4.5,0.8,2.0,0.014196049784132636,2
fc,4.5,0.8,2.5,0.014491382615893278,2
fc,4.5,0.8,3.0,0.014196049784132692,2
fc,4.5,0.8,4.0,0.014196049784133025,2
fc,4.5,0.8,5.0,0.014196049784132914,2
fc,4.5,0.8,6.0,0.01419604978413297,2
fc,4.5,0.8,7.0,0.01419604978413297,2
fc,4.5,1.0,1.0,,0
fc,4.5,1.0,1.5,0.0064076717203376266,2
fc,4.5,1.0,2.0,0.006348716985905112,2
fc,4.5,1.0,2.5,0.006407671720337682,2
fc,4.5,1.0,3.0,0.006348716985905112,2
fc,4.5,1.0,4.0,0.006348716985905056,2
fc,4.5,1.0,5.0,0.006348716985905278,2
fc,4.5,1.0,6.0,0.006348716985905167,2
fc,4.5,1.0,7.0,0.006348716985905389,2
fc,4.5,1.3,1.0,0.0015458452587829297,2
fc,4.5,1.3,1.5,0.0013762845862522743,2
fc,4.5,1.3,2.0,0.0015458452587828742,2
fc,4.5,1.3,2.5,0.0013762845862522188,2
fc,4.5,1.3,3.0,0.0015458452587828742,2
fc,4.5,1.3,4.0,0.0015458452587829297,2
fc,4.5,1.3,5.0,0.0015458452587832627,2
fc,4.5,1.3,6.0,0.0015458452587830962,2
fc,4.5,1.3,7.0,0.0015458452587830407,2
fc,4.5,1.7,1.0,-0.0008406587988913083,2
fc,4.5,1.7,1.5,-0.0006713393961500225,2
fc,4.5,1.7,2.0,-0.0008406587988913083,2
fc,4.5,1.7,2.5,-0.000671339396149967,2
fc,4.5,1.7,3.0,-0.0008406587988912251,2
fc,4.5,1.7,4.0,-0.0008406587988913083,2
fc,4.5,1.7,5.0,-0.0008406587988911696,2
fc,4.5,1.7,6.0,-0.0008406587988912251,2
fc,4.5,1.7,7.0,-0.0008406587988911141,2
fc,4.5,2.2,1.0,-0.0018057464695752368,2
fc,4.5,2.2,1.5,-0.0016640608854147088,2
fc,4.5,2.2,2.0,-0.0018057464695752368,2
fc,4.5,2.2,2.5,-0.0016640608854147088,2
fc,4.5,2.2,3.0,-0.001805746469575209,2
fc,4.5,2.2,4.0,-0.0018057464695751813,2
fc,4.5,2.2,5.0,-0.0018057464695750425,2
fc,4.5,2.2,6.0,-0.001805746469574987,2
fc,4.5,2.2,7.0,-0.0018057464695750147,2
fc,5.0,0.4,1.0,,0
fc,5.0,0.4,1.5,,0
fc,5.0,0.4,2.0,,0
fc,5.0,0.4,2.5,0.07213265446905459,2
fc,5.0,0.4,3.0,0.07265807110669958,2
fc,5.0,0.4,4.0,0.07265807110670003,2
fc,5.0,0.4,5.0,0.07265807110670003,2
fc,5.0,0.4,6.0,0.07265807110669997,2
fc,5.0,0.4,7.0,0.07265807110669992,2
fc,5.0,0.6,1.0,,0
fc,5.0,0.6,1.5,,0
fc,5.0,0.6,2.0,0.024982584749719372,2
fc,5.0,0.6,2.5,0.025650041553925695,2
fc,5.0,0.6,3.0,0.024982584749719428,2
fc,5.0,0.6,4.0,0.02498258474971954,2
fc,5.0,0.6,5.0,0.024982584749719428,2
fc,5.0,0.6,6.0,0.02498258474971965,2
fc,5.0,0.6,7.0,0.02498258474971965,2
fc,5.0,0.8,1.0,,0
fc,5.0,0.8,1.5,0.010051082019192248,2
fc,5.0,0.8,2.0,0.010533990928418335,2
fc,5.0,0.8,2.5,0.010051082019192303,2
fc,5.0,0.8,3.0,0.01053399092841828,2
fc,5.0,0.8,4.0,0.01053399092841839,2
fc,5.0,0.8,5.0,0.01053399092841839,2
fc,5.0,0.8,6.0,0.010533990928418446,2
fc,5.0,0.8,7.0,0.010533990928418502,2
fc,5.0,1.0,1.0,,0
fc,5.0,1.0,1.5,0.004423798516070221,2
fc,5.0,1.0,2.0,0.004595652225144797,2
fc,5.0,1.0,2.5,0.004423798516070332,2
fc,5.0,1.0,3.0,0.004595652225144631,2
fc,5.0,1.0,4.0,0.004595652225144686,2
fc,5.0,1.0,5.0,0.004595652225144575,2
fc,5.0,1.0,6.0,0.004595652225144797,2
fc,5.0,1.0,7.0,0.004595652225144908,2
fc,5.0,1.3,1.0,0.0010529342691039667,2
fc,5.0,1.3,1.5,0.001207569904495609,2
fc,5.0,1.3,2.0,0.0010529342691039667,2
fc,5.0,1.3,2.5,0.0012075699044956645,2
fc,5.0,1.3,3.0,0.0010529342691039667,2
fc,5.0,1.3,4.0,0.0010529342691040222,2
fc,5.0,1.3,5.0,0.0010529342691037447,2
fc,5.0,1.3,6.0,0.0010529342691037447,2
fc,5.0,1.3,7.0,0.0010529342691038557,2
fc,5.0,1.7,1.0,-0.0005322010774784502,2
fc,5.0,1.7,1.5,-0.0006368033105723647,2
fc,5.0,1.7,2.0,-0.000532201077478367,2
fc,5.0,1.7,2.5,-0.0006368033105725035,2
fc,5.0,1.7,3.0,-0.000532201077478367,2
fc,5.0,1.7,4.0,-0.0005322010774784502,2
fc,5.0,1.7,5.0,-0.0005322010774782837,2
fc,5.0,1.7,6.0,-0.000532201077478256,2
fc,5.0,1.7,7.0,-0.000532201077478256,2
fc,5.0,2.2,1.0,-0.0012014516929388097,2
fc,5.0,2.2,1.5,-0.0013879262647461255,2
fc,5.0,2.2,2.0,-0.0012014516929388375,2
fc,5.0,2.2,2.5,-0.00138792626474607,2
fc,5.0,2.2,3.0,-0.0012014516929389485,2
fc,5.0,2.2,4.0,-0.0012014516929388652,2
fc,5.0,2.2,5.0,-0.001201451692938893,2
fc,5.0,2.2,6.0,-0.0012014516929389485,2
fc,5.0,2.2,7.0,-0.0012014516929387264,2
fc,6.0,0.4,1.0,,0
fc,6.0,0.4,1.5,,0
fc,6.0,0.4,2.0,,0
fc,6.0,0.4,2.5,0.04376273818375637,2
fc,6.0,0.4,3.0,0.043711824528329946,2
fc,6.0,0.4,4.0,0.04371182452833,2
fc,6.0,0.4,5.0,0.04371182452833006,2
fc,6.0,0.4,6.0,0.04371182452833011,2
fc,6.0,0.4,7.0,0.04371182452833,2
fc,6.0,0.6,1.0,,0
fc,6.0,0.6,1.5,,0
fc,6.0,0.6,2.0,0.014750021777173494,2
fc,6.0,0.6,2.5,0.01434973119986227,2
fc,6.0,0.6,3.0,0.01475002177717355,2
fc,6.0,0.6,4.0,0.01475002177717355,2
fc,6.0,0.6,5.0,0.01475002177717355,2
fc,6.0,0.6,6.0,0.01475002177717355,2
fc,6.0,0.6,7.0,0.01475002177717355,2
fc,6.0,0.8,1.0,,0
fc,6.0,0.8,1.5,0.005968277605624739,2
fc,6.0,0.8,2.0,0.005996029094293032,2
fc,6.0,0.8,2.5,0.005968277605624794,2
fc,6.0,0.8,3.0,0.005996029094293143,2
fc,6.0,0.8,4.0,0.005996029094293032,2
fc,6.0,0.8,5.0,0.005996029094293032,2
fc,6.0,0.8,6.0,0.005996029094293087,2
fc,6.0,0.8,7.0,0.005996029094293032,2
fc,6.0,1.0,1.0,,0
fc,6.0,1.0,1.5,0.0025994932188525555,2
fc,6.0,1.0,2.0,0.0026218369125011187,2
fc,6.0,1.0,2.5,0.002599493218852389,2
fc,6.0,1.0,3.0,0.0026218369125011187,2
fc,6.0,1.0,4.0,0.0026218369125011742,2
fc,6.0,1.0,5.0,0.0026218369125011742,2
fc,6.0,1.0,6.0,0.002621836912501063,2
fc,6.0,1.0,7.0,0.0026218369125011742,2
fc,6.0,1.3,1.0,0.0005936305120149976,2
fc,6.0,1.3,1.5,0.0007685793948958297,2
fc,6.0,1.3,2.0,0.0005936305120149421,2
fc,6.0,1.3,2.5,0.0007685793948958852,2
fc,6.0,1.3,3.0,0.0005936305120148311,2
fc,6.0,1.3,4.0,0.0005936305120149421,2
fc,6.0,1.3,5.0,0.0005936305120149421,2
fc,6.0,1.3,6.0,0.0005936305120149976,2
fc,6.0,1.3,7.0,0.0005936305120150531,2
fc,6.0,1.7,1.0,-0.0003400180943796405,2
fc,6.0,1.7,1.5,-0.0003252909168532936,2
fc,6.0,1.7,2.0,-0.00034001809437958497,2
fc,6.0,1.7,2.5,-0.00032529091685307154,2
fc,6.0,1.7,3.0,-0.00034001809437972375,2
fc,6.0,1.7,4.0,-0.00034001809437977926,2
fc,6.0,1.7,5.0,-0.00034001809437972375,2
fc,6.0,1.7,6.0,-0.0003400180943797515,2
fc,6.0,1.7,7.0,-0.0003400180943796405,2
fc,6.0,2.2,1.0,-0.0007775402097551509,2
fc,6.0,2.2,1.5,-0.0008949848813188666,2
fc,6.0,2.2,2.0,-0.0007775402097552064,2
fc,6.0,2.2,2.5,-0.0008949848813188388,2
fc,6.0,2.2,3.0,-0.0007775402097550954,2
fc,6.0,2.2,4.0,-0.0007775402097550677,2
fc,6.0,2.2,5.0,-0.0007775402097551787,2
fc,6.0,2.2,6.0,-0.0007775402097551232,2
fc,6.0,2.2,7.0,-0.0007775402097551509,2
fc,7.5,0.4,1.0,,0
fc,7.5,0.4,1.5,,0
fc,7.5,0.4,2.0,,0
fc,7.5,0.4,2.5,0.023102465611352152,2
fc,7.5,0.4,3.0,0.023449213145364467,2
fc,7.5,0.4,4.0,0.023449213145364467,2
fc,7.5,0.4,5.0,0.023449213145364523,2
fc,7.5,0.4,6.0,0.023449213145364467,2
fc,7.5,0.4,7.0,0.023449213145364745,2
fc,7.5,0.6,1.0,,0
fc,7.5,0.6,1.5,,0
fc,7.5,0.6,2.0,0.007608993940867448,2
fc,7.5,0.6,2.5,0.007394450577204115,2
fc,7.5,0.6,3.0,0.007608993940867448,2
fc,7.5,0.6,4.0,0.007608993940867392,2
fc,7.5,0.6,5.0,0.007608993940867614,2
fc,7.5,0.6,6.0,0.007608993940867614,2
fc,7.5,0.6,7.0,0.00760899394086767,2
fc,7.5,0.8,1.0,,0
fc,7.5,0.8,1.5,0.0031631898275086834,2
fc,7.5,0.8,2.0,0.003257656168655587,2
fc,7.5,0.8,2.5,0.0031631898275086834,2
fc,7.5,0.8,3.0,0.003257656168655587,2
fc,7.5,0.8,4.0,0.003257656168655476,2
fc,7.5,0.8,5.0,0.0032576561686555316,2
fc,7.5,0.8,6.0,0.003257656168655476,2
fc,7.5,0.8,7.0,0.0032576561686555316,2
fc,7.5,1.0,1.0,,0
fc,7.5,1.0,1.5,0.0014568322489855734,2
fc,7.5,1.0,2.0,0.0015173710173850274,2
fc,7.5,1.0,2.5,0.0014568322489855179,2
fc,7.5,1.0,3.0,0.001517371017385083,2
fc,7.5,1.0,4.0,0.001517371017385194,2
fc,7.5,1.0,5.0,0.0015173710173850274,2
fc,7.5,1.0,6.0,0.0015173710173850274,2
fc,7.5,1.0,7.0,0.0015173710173851385,2
fc,7.5,1.3,1.0,0.0003546958545032064,2
fc,7.5,1.3,1.5,0.00040012282758838946,2
fc,7.5,1.3,2.0,0.0003546958545031509,2
fc,7.5,1.3,2.5,0.00040012282758827844,2
fc,7.5,1.3,3.0,0.0003546958545033174,2
fc,7.5,1.3,4.0,0.0003546958545030954,2
fc,7.5,1.3,5.0,0.0003546958545032064,2
fc,7.5,1.3,6.0,0.0003546958545032064,2
fc,7.5,1.3,7.0,0.00035469585450337293,2
fc,7.5,1.7,1.0,-0.0001925036615092468,2
fc,7.5,1.7,1.5,-0.00019597120138498125,2
fc,7.5,1.7,2.0,-0.0001925036615092468,2
fc,7.5,1.7,2.5,-0.00019597120138498125,2
fc,7.5,1.7,3.0,-0.00019250366150930232,2
fc,7.5,1.7,4.0,-0.00019250366150930232,2
fc,7.5,1.7,5.0,-0.00019250366150910803,2
fc,7.5,1.7,6.0,-0.0001925036615091913,2
fc,7.5,1.7,7.0,-0.0001925036615092468,2
fc,7.5,2.2,1.0,-0.0004560528865092395,2
fc,7.5,2.2,1.5,-0.0004914704236104739,2
fc,7.5,2.2,2.0,-0.00045605288650926723,2
fc,7.5,2.2,2.5,-0.0004914704236105016,2
fc,7.5,2.2,3.0,-0.00045605288650912845,2
fc,7.5,2.2,4.0,-0.0004560528865092395,2
fc,7.5,2.2,5.0,-0.0004560528865093505,2
fc,7.5,2.2,6.0,-0.000456052886509406,2
fc,7.5,2.2,7.0,-0.00045605288650926723,2
fc,9.0,0.4,1.0,,0
fc,9.0,0.4,1.5,,0
fc,9.0,0.4,2.0,,0
fc,9.0,0.4,2.5,0.013769595983627814,2
fc,9.0,0.4,3.0,0.013870900622881266,2
fc,9.0,0.4,4.0,0.01387090062288121,2
fc,9.0,0.4,5.0,0.013870900622881266,2
fc,9.0,0.4,6.0,0.013870900622881321,2
fc,9.0,0.4,7.0,0.013870900622881488,2
fc,9.0,0.6,1.0,,0
fc,9.0,0.6,1.5,,0
fc,9.0,0.6,2.0,0.004515318972264981,2
fc,9.0,0.6,2.5,0.004596614372569197,2
fc,9.0,0.6,3.0,0.004515318972264926,2
fc,9.0,0.6,4.0,0.004515318972265259,2
fc,9.0,0.6,5.0,0.004515318972265148,2
fc,9.0,0.6,6.0,0.004515318972264926,2
fc,9.0,0.6,7.0,0.004515318972265037,2
fc,9.0,0.8,1.0,,0
fc,9.0,0.8,1.5,0.0019952125988285663,2
fc,9.0,0.8,2.0,0.0019453702139886064,2
fc,9.0,0.8,2.5,0.0019952125988284553,2
fc,9.0,0.8,3.0,0.0019453702139887175,2
fc,9.0,0.8,4.0,0.0019453702139886064,2
fc,9.0,0.8,5.0,0.0019453702139886064,2
fc,9.0,0.8,6.0,0.0019453702139887175,2
fc,9.0,0.8,7.0,0.0019453702139887175,2
fc,9.0,1.0,1.0,,0
fc,9.0,1.0,1.5,0.0009365565702454948,2
fc,9.0,1.0,2.0,0.0008999647690548507,2
fc,9.0,1.0,2.5,0.0009365565702452727,2
fc,9.0,1.0,3.0,0.0008999647690549062,2
fc,9.0,1.0,4.0,0.0008999647690548507,2
fc,9.0,1.0,5.0,0.0008999647690549062,2
fc,9.0,1.0,6.0,0.0008999647690547397,2
fc,9.0,1.0,7.0,0.0008999647690548507,2
fc,9.0,1.3,1.0,0.0002276520087578504,2
fc,9.0,1.3,1.5,0.00026487414192122305,2
fc,9.0,1.3,2.0,0.0002276520087577394,2
fc,9.0,1.3,2.5,0.0002648741419210565,2
fc,9.0,1.3,3.0,0.00022765200875768388,2
fc,9.0,1.3,4.0,0.00022765200875796143,2
fc,9.0,1.3,5.0,0.00022765200875796143,2
fc,9.0,1.3,6.0,0.0002276520087577949,2
fc,9.0,1.3,7.0,0.0002276520087577394,2
fc,9.0,1.7,1.0,-0.00010228006076942742,2
fc,9.0,1.7,1.5,-0.0001241914300629532,2
fc,9.0,1.7,2.0,-0.00010228006076942742,2
fc,9.0,1.7,2.5,-0.0001241914300627034,2
fc,9.0,1.7,3.0,-0.0001022800607693719,2
fc,9.0,1.7,4.0,-0.0001022800607696217,2
fc,9.0,1.7,5.0,-0.00010228006076953844,2
fc,9.0,1.7,6.0,-0.00010228006076948293,2
fc,9.0,1.7,7.0,-0.00010228006076942742,2
fc,9.0,2.2,1.0,-0.00030400542838171507,2
fc,9.0,2.2,1.5,-0.0003199423650995237,2
fc,9.0,2.2,2.0,-0.00030400542838165956,2
fc,9.0,2.2,2.5,-0.00031994236509966245,2
fc,9.0,2.2,3.0,-0.00030400542838171507,2
fc,9.0,2.2,4.0,-0.0003040054283816318,2
fc,9.0,2.2,5.0,-0.00030400542838196487,2
fc,9.0,2.2,6.0,-0.00030400542838185385,2
fc,9.0,2.2,7.0,-0.0003040054283817706,2
fc,10.0,0.4,1.0,,0
fc,10.0,0.4,1.5,,0
fc,10.0,0.4,2.0,,0
fc,10.0,0.4,2.5,,0
fc,10.0,0.4,3.0,,0
fc,10.0,0.4,4.0,,0
fc,10.0,0.4,5.0,,0
fc,10.0,0.4,6.0,,0
fc,10.0,0.4,7.0,,0
fc,10.0,0.6,1.0,,0
fc,10.0,0.6,1.5,,0
fc,10.0,0.6,2.0,0.003511533192670835,2
fc,10.0,0.6,2.5,0.0034578873390507248,2
fc,10.0,0.6,3.0,0.003511533192670835,2
fc,10.0,0.6,4.0,0.003511533192670724,2
fc,10.0,0.6,5.0,0.003511533192670835,2
fc,10.0,0.6,6.0,0.003511533192670835,2
fc,10.0,0.6,7.0,0.0035115331926707793,2
fc,10.0,0.8,1.0,,0
fc,10.0,0.8,1.5,0.0015077997998760861,2
fc,10.0,0.8,2.0,0.0015131113833798948,2
fc,10.0,0.8,2.5,0.0015077997998763082,2
fc,10.0,0.8,3.0,0.0015131113833799503,2
fc,10.0,0.8,4.0,0.0015131113833799503,2
fc,10.0,0.8,5.0,0.0015131113833800058,2
fc,10.0,0.8,6.0,0.0015131113833798393,2
fc,10.0,0.8,7.0,0.0015131113833801169,2
fc,10.0,1.0,1.0,,0
fc,10.0,1.0,1.5,0.0007076069600165935,2
fc,10.0,1.0,2.0,0.0006707068027186347,2
fc,10.0,1.0,2.5,0.00070760696001676,2
fc,10.0,1.0,3.0,0.0006707068027185792,2
fc,10.0,1.0,4.0,0.0006707068027186347,2
fc,10.0,1.0,5.0,0.0006707068027187457,2
fc,10.0,1.0,6.0,0.0006707068027185237,2
fc,10.0,1.0,7.0,0.0006707068027186347,2
fc,10.0,1.3,1.0,0.0001787523464611973,2
fc,10.0,1.3,1.5,0.00020779568664019976,2
fc,10.0,1.3,2.0,0.0001787523464611973,2
fc,10.0,1.3,2.5,0.00020779568664019976,2
fc,10.0,1.3,3.0,0.00017875234646136384,2
fc,10.0,1.3,4.0,0.0001787523464611418,2
fc,10.0,1.3,5.0,0.00017875234646136384,2
fc,10.0,1.3,6.0,0.00017875234646130833,2
fc,10.0,1.3,7.0,0.0001787523464611973,2
fc,10.0,1.7,1.0,-8.03838925034217e-05,2
fc,10.0,1.7,1.5,-9.744765476338291e-05,2
fc,10.0,1.7,2.0,-8.038389250333844e-05,2
fc,10.0,1.7,2.5,-9.74476547633274e-05,2
fc,10.0,1.7,3.0,-8.0383892503616e-05,2
fc,10.0,1.7,4.0,-8.038389250339395e-05,2
fc,10.0,1.7,5.0,-8.038389250347722e-05,2
fc,10.0,1.7,6.0,-8.038389250339395e-05,2
fc,10.0,1.7,7.0,-8.038389250347722e-05,2
fc,10.0,2.2,1.0,-0.0002398520791317138,2
fc,10.0,2.2,1.5,-0.0002522104746718046,2
fc,10.0,2.2,2.0,-0.0002398520791319081,2
fc,10.0,2.2,2.5,-0.0002522104746717768,2
fc,10.0,2.2,3.0,-0.00023985207913188034,2
fc,10.0,2.2,4.0,-0.0002398520791319636,2
fc,10.0,2.2,5.0,-0.00023985207913193585,2
fc,10.0,2.2,6.0,-0.0002398520791316583,2
fc,10.0,2.2,7.0,-0.00023985207913179707,2
sc,2.0,0.4,1.0,,0
sc,2.0,0.4,1.5,,0
sc,2.0,0.4,2.0,,0
sc,2.0,0.4,2.5,,0
sc,2.0,0.4,3.0,,0
sc,2.0,0.4,4.0,,0
sc,2.0,0.4,5.0,,0
sc,2.0,0.4,6.0,,0
sc,2.0,0.4,7.0,,0
sc,2.0,0.6,1.0,,0
sc,2.0,0.6,1.5,,0
sc,2.0,0.6,2.0,,0
sc,2.0,0.6,2.5,,0
sc,2.0,0.6,3.0,,0
sc,2.0,0.6,4.0,,0
sc,2.0,0.6,5.0,,0
sc,2.0,0.6,6.0,,0
sc,2.0,0.6,7.0,,0
sc,2.0,0.8,1.0,,0
sc,2.0,0.8,1.5,,0
sc,2.0,0.8,2.0,,0
sc,2.0,0.8,2.5,,0
sc,2.0,0.8,3.0,,0
sc,2.0,0.8,4.0,,0
sc,2.0,0.8,5.0,,0
sc,2.0,0.8,6.0,,0
sc,2.0,0.8,7.0,,0
sc,2.0,1.0,1.0,,0
sc,2.0,1.0,1.5,,0
sc,2.0,1.0,2.0,,0
sc,2.0,1.0,2.5,,0
sc,2.0,1.0,3.0,,0
sc,2.0,1.0,4.0,,0
sc,2.0,1.0,5.0,,0
sc,2.0,1.0,6.0,,0
sc,2.0,1.0,7.0,,0
sc,2.0,1.3,1.0,-0.08399654475850946,1
sc,2.0,1.3,1.5,-0.07300239083337999,2
sc,2.0,1.3,2.0,-0.08399654475850923,1
sc,2.0,1.3,2.5,-0.07300239083337992,2
sc,2.0,1.3,3.0,-0.08399654475850898,1
sc,2.0,1.3,4.0,-0.08399654475850868,1
sc,2.0,1.3,5.0,-0.08399654475850876,1
sc,2.0,1.3,6.0,-0.08399654475850865,1
sc,2.0,1.3,7.0,-0.08399654475850848,1
sc,2.0,1.7,1.0,-0.07516579982973294,2
sc,2.0,1.7,1.5,-0.07518898045388342,2
sc,2.0,1.7,2.0,-0.0751657998297328,2
sc,2.0,1.7,2.5,-0.0751889804538833,2
sc,2.0,1.7,3.0,-0.07516579982973266,2
sc,2.0,1.7,4.0,-0.07516579982973255,2
sc,2.0,1.7,5.0,-0.07516579982973225,2
sc,2.0,1.7,6.0,-0.07516579982973223,2
sc,2.0,1.7,7.0,-0.0751657998297322,2
sc,2.0,2.2,1.0,-0.06792705441242206,2
sc,2.0,2.2,1.5,-0.06783258749094678,2
sc,2.0,2.2,2.0,-0.06792705441242163,2
sc,2.0,2.2,2.5,-0.06783258749094681,2
sc,2.0,2.2,3.0,-0.0679270544124216,2
sc,2.0,2.2,4.0,-0.0679270544124216,2
sc,2.0,2.2,5.0,-0.06792705441242129,2
sc,2.0,2.2,6.0,-0.06792705441242128,2
sc,2.0,2.2,7.0,-0.06792705441242117,2
sc,2.3,0.4,1.0,,0
sc,2.3,0.4,1.5,,0
sc,2.3,0.4,2.0,,0
sc,2.3,0.4,2.5,,0
sc,2.3,0.4,3.0,,0
sc,2.3,0.4,4.0,,0
sc,2.3,0.4,5.0,,0
sc,2.3,0.4,6.0,,0
sc,2.3,0.4,7.0,,0
sc,2.3,0.6,1.0,,0
sc,2.3,0.6,1.5,,0
sc,2.3,0.6,2.0,,0
sc,2.3,0.6,2.5,,0
sc,2.3,0.6,3.0,,0
sc,2.3,0.6,4.0,,0
sc,2.3,0.6,5.0,,0
sc,2.3,0.6,6.0,,0
sc,2.3,0.6,7.0,,0
sc,2.3,0.8,1.0,,0
sc,2.3,0.8,1.5,-0.048954788730379575,2
sc,2.3,0.8,2.0,-0.06289324505779881,1
sc,2.3,0.8,2.5,-0.048954788730379936,2
sc,2.3,0.8,3.0,-0.06289324505779825,1
sc,2.3,0.8,4.0,-0.06289324505779795,1
sc,2.3,0.8,5.0,-0.06289324505779825,1
sc,2.3,0.8,6.0,-0.06289324505779775,1
sc,2.3,0.8,7.0,-0.06289324505779745,1
sc,2.3,1.0,1.0,,0
sc,2.3,1.0,1.5,-0.059508121785820545,2
sc,2.3,1.0,2.0,-0.05645668606510368,2
sc,2.3,1.0,2.5,-0.059508121785820337,2
sc,2.3,1.0,3.0,-0.05645668606510308,2
sc,2.3,1.0,4.0,-0.05645668606510261,2
sc,2.3,1.0,5.0,-0.05645668606510308,2
sc,2.3,1.0,6.0,-0.05645668606510276,2
sc,2.3,1.0,7.0,-0.056456686065102304,2
sc,2.3,1.3,1.0,-0.05735786099768188,2
sc,2.3,1.3,1.5,-0.05487908148738646,2
sc,2.3,1.3,2.0,-0.057357860997681795,2
sc,2.3,1.3,2.5,-0.0548790814873862,2
sc,2.3,1.3,3.0,-0.057357860997681726,2
sc,2.3,1.3,4.0,-0.057357860997681434,2
sc,2.3,1.3,5.0,-0.05735786099768146,2
sc,2.3,1.3,6.0,-0.057357860997681503,2
sc,2.3,1.3,7.0,-0.057357860997681004,2
sc,2.3,1.7,1.0,-0.051972116444992264,2
sc,2.3,1.7,1.5,-0.05209217993237389,2
sc,2.3,1.7,2.0,-0.05197211644499228,2
sc,2.3,1.7,2.5,-0.05209217993237378,2
sc,2.3,1.7,3.0,-0.05197211644499193,2
sc,2.3,1.7,4.0,-0.05197211644499179,2
sc,2.3,1.7,5.0,-0.05197211644499167,2
sc,2.3,1.7,6.0,-0.05197211644499167,2
sc,2.3,1.7,7.0,-0.05197211644499165,2
sc,2.3,2.2,1.0,-0.04380613590786142,2
sc,2.3,2.2,1.5,-0.04392765541339026,2
sc,2.3,2.2,2.0,-0.04380613590786128,2
sc,2.3,2.2,2.5,-0.04392765541339033,2
sc,2.3,2.2,3.0,-0.04380613590786116,2
sc,2.3,2.2,4.0,-0.04380613590786109,2
sc,2.3,2.2,5.0,-0.04380613590786092,2
sc,2.3,2.2,6.0,-0.04380613590786096,2
sc,2.3,2.2,7.0,-0.043806135907860866,2
sc,2.5,0.4,1.0,,0
sc,2.5,0.4,1.5,,0
sc,2.5,0.4,2.0,,0
sc,2.5,0.4,2.5,0.2954005475030981,1
sc,2.5,0.4,3.0,0.2991823934519795,1
sc,2.5,0.4,4.0,0.2991823934519793,1
sc,2.5,0.4,5.0,0.29918239345197817,1
sc,2.5,0.4,6.0,0.29918239345197883,1
sc,2.5,0.4,7.0,0.2991823934519805,1
sc,2.5,0.6,1.0,,0
sc,2.5,0.6,1.5,-0.05095828502475108,1
sc,2.5,0.6,2.0,-0.050947667222595416,1
sc,2.5,0.6,2.5,-0.05095828502475169,1
sc,2.5,0.6,3.0,-0.05094766722259475,1
sc,2.5,0.6,4.0,-0.05094766722259453,1
sc,2.5,0.6,5.0,-0.050947667222593696,1
sc,2.5,0.6,6.0,-0.05094766722259411,1
sc,2.5,0.6,7.0,-0.050947667222593696,1
sc,2.5,0.8,1.0,,0
sc,2.5,0.8,1.5,-0.045704074618865484,2
sc,2.5,0.8,2.0,-0.04572105871283885,2
sc,2.5,0.8,2.5,-0.04570407461886518,2
sc,2.5,0.8,3.0,-0.04572105871283849,2
sc,2.5,0.8,4.0,-0.04572105871283884,2
sc,2.5,0.8,5.0,-0.0457210587128386,2
sc,2.5,0.8,6.0,-0.04572105871283812,2
sc,2.5,0.8,7.0,-0.045721058712837936,2
sc,2.5,1.0,1.0,,0
sc,2.5,1.0,1.5,-0.044450685722384836,2
sc,2.5,1.0,2.0,-0.04585735218517835,2
sc,2.5,1.0,2.5,-0.044450685722384434,2
sc,2.5,1.0,3.0,-0.045857352185178085,2
sc,2.5,1.0,4.0,-0.045857352185178,2
sc,2.5,1.0,5.0,-0.045857352185177724,2
sc,2.5,1.0,6.0,-0.04585735218517785,2
sc,2.5,1.0,7.0,-0.045857352185177405,2
sc,2.5,1.3,1.0,-0.04628308830244959,2
sc,2.5,1.3,1.5,-0.04733475522011914,2
sc,2.5,1.3,2.0,-0.04628308830244947,2
sc,2.5,1.3,2.5,-0.04733475522011882,2
sc,2.5,1.3,3.0,-0.04628308830244929,2
sc,2.5,1.3,4.0,-0.046283088302449135,2
sc,2.5,1.3,5.0,-0.04628308830244912,2
sc,2.5,1.3,6.0,-0.046283088302449205,2
sc,2.5,1.3,7.0,-0.046283088302449205,2
sc,2.5,1.7,1.0,-0.03972807406899374,2
sc,2.5,1.7,1.5,-0.03959945917182878,2
sc,2.5,1.7,2.0,-0.039728074068993646,2
sc,2.5,1.7,2.5,-0.03959945917182853,2
sc,2.5,1.7,3.0,-0.039728074068993396,2
sc,2.5,1.7,4.0,-0.039728074068993396,2
sc,2.5,1.7,5.0,-0.03972807406899315,2
sc,2.5,1.7,6.0,-0.0397280740689932,2
sc,2.5,1.7,7.0,-0.039728074068993216,2
sc,2.5,2.2,1.0,-0.03486774352741624,2
sc,2.5,2.2,1.5,-0.03487260893628667,2
sc,2.5,2.2,2.0,-0.03486774352741624,2
sc,2.5,2.2,2.5,-0.03487260893628662,2
sc,2.5,2.2,3.0,-0.03486774352741609,2
sc,2.5,2.2,4.0,-0.034867743527416076,2
sc,2.5,2.2,5.0,-0.03486774352741592,2
sc,2.5,2.2,6.0,-0.034867743527415826,2
sc,2.5,2.2,7.0,-0.034867743527415854,2
sc,3.0,0.4,1.0,,0
sc,3.0,0.4,1.5,,0
sc,3.0,0.4,2.0,,0
sc,3.0,0.4,2.5,0.28392736221615145,2
sc,3.0,0.4,3.0,0.2840645686076823,2
sc,3.0,0.4,4.0,0.284064568607683,2
sc,3.0,0.4,5.0,0.2840645686076826,2
sc,3.0,0.4,6.0,0.28406456860768303,2
sc,3.0,0.4,7.0,0.2840645686076832,2
sc,3.0,0.6,1.0,,0
sc,3.0,0.6,1.5,-0.018871713241937177,2
sc,3.0,0.6,2.0,-0.02034103985475197,2
sc,3.0,0.6,2.5,-0.018871713241937135,2
sc,3.0,0.6,3.0,-0.02034103985475165,2
sc,3.0,0.6,4.0,-0.02034103985475133,2
sc,3.0,0.6,5.0,-0.020341039854751136,2
sc,3.0,0.6,6.0,-0.020341039854750845,2
sc,3.0,0.6,7.0,-0.020341039854750803,2
sc,3.0,0.8,1.0,,0
sc,3.0,0.8,1.5,-0.02629458551929653,2
sc,3.0,0.8,2.0,-0.02420636401050169,2
sc,3.0,0.8,2.5,-0.02629458551929656,2
sc,3.0,0.8,3.0,-0.024206364010501538,2
sc,3.0,0.8,4.0,-0.02420636401050137,2
sc,3.0,0.8,5.0,-0.02420636401050122,2
sc,3.0,0.8,6.0,-0.024206364010501163,2
sc,3.0,0.8,7.0,-0.02420636401050126,2
sc,3.0,1.0,1.0,,0
sc,3.0,1.0,1.5,-0.025662984309216264,2
sc,3.0,1.0,2.0,-0.024775078859943955,2
sc,3.0,1.0,2.5,-0.025662984309216028,2
sc,3.0,1.0,3.0,-0.024775078859943858,2
sc,3.0,1.0,4.0,-0.02477507885994376,2
sc,3.0,1.0,5.0,-0.02477507885994361,2
sc,3.0,1.0,6.0,-0.02477507885994358,2
sc,3.0,1.0,7.0,-0.024775078859943372,2
sc,3.0,1.3,1.0,-0.02411210095567476,2
sc,3.0,1.3,1.5,-0.024122102918005983,2
sc,3.0,1.3,2.0,-0.024112100955674787,2
sc,3.0,1.3,2.5,-0.024122102918005747,2
sc,3.0,1.3,3.0,-0.024112100955674592,2
sc,3.0,1.3,4.0,-0.02411210095567451,2
sc,3.0,1.3,5.0,-0.02411210095567444,2
sc,3.0,1.3,6.0,-0.02411210095567444,2
sc,3.0,1.3,7.0,-0.0241121009556743,2
sc,3.0,1.7,1.0,-0.02168790221163723,2
sc,3.0,1.7,1.5,-0.022685029233952603,2
sc,3.0,1.7,2.0,-0.021687902211637106,2
sc,3.0,1.7,2.5,-0.022685029233952547,2
sc,3.0,1.7,3.0,-0.021687902211637106,2
sc,3.0,1.7,4.0,-0.021687902211636995,2
sc,3.0,1.7,5.0,-0.02168790221163698,2
sc,3.0,1.7,6.0,-0.021687902211636897,2
sc,3.0,1.7,7.0,-0.021687902211636897,2
sc,3.0,2.2,1.0,-0.02054524501023368,2
sc,3.0,2.2,1.5,-0.020647225711033362,2
sc,3.0,2.2,2.0,-0.020545245010233693,2
sc,3.0,2.2,2.5,-0.020647225711033376,2
sc,3.0,2.2,3.0,-0.020545245010233595,2
sc,3.0,2.2,4.0,-0.020545245010233693,2
sc,3.0,2.2,5.0,-0.020545245010233498,2
sc,3.0,2.2,6.0,-0.020545245010233443,2
sc,3.0,2.2,7.0,-0.02054524501023336,2
sc,3.5,0.4,1.0,,0
sc,3.5,0.4,1.5,,0
sc,3.5,0.4,2.0,,0
sc,3.5,0.4,2.5,0.12743573798416477,2
sc,3.5,0.4,3.0,0.12437055558845828,2
sc,3.5,0.4,4.0,0.12437055558845829,2
sc,3.5,0.4,5.0,0.12437055558845811,2
sc,3.5,0.4,6.0,0.1243705555884584,2
sc,3.5,0.4,7.0,0.12437055558845847,2
sc,3.5,0.6,1.0,,0
sc,3.5,0.6,1.5,-0.0058591147613508004,2
sc,3.5,0.6,2.0,-0.003957693361847162,2
sc,3.5,0.6,2.5,-0.0058591147613505645,2
sc,3.5,0.6,3.0,-0.003957693361847453,2
sc,3.5,0.6,4.0,-0.0039576933618472865,2
sc,3.5,0.6,5.0,-0.003957693361847411,2
sc,3.5,0.6,6.0,-0.003957693361847148,2
sc,3.5,0.6,7.0,-0.0039576933618469395,2
sc,3.5,0.8,1.0,,0
sc,3.5,0.8,1.5,-0.009831272093677068,2
sc,3.5,0.8,2.0,-0.010588941586064812,2
sc,3.5,0.8,2.5,-0.00983127209367668,2
sc,3.5,0.8,3.0,-0.010588941586064896,2
sc,3.5,0.8,4.0,-0.010588941586064896,2
sc,3.5,0.8,5.0,-0.010588941586064687,2
sc,3.5,0.8,6.0,-0.010588941586064438,2
sc,3.5,0.8,7.0,-0.01058894158606448,2
sc,3.5,1.0,1.0,,0
sc,3.5,1.0,1.5,-0.01358200333317039,2
sc,3.5,1.0,2.0,-0.0124946407202106,2
sc,3.5,1.0,2.5,-0.013582003333170306,2
sc,3.5,1.0,3.0,-0.01249464072021067,2
sc,3.5,1.0,4.0,-0.012494640720210587,2
sc,3.5,1.0,5.0,-0.012494640720210365,2
sc,3.5,1.0,6.0,-0.012494640720210268,2
sc,3.5,1.0,7.0,-0.01249464072021031,2
sc,3.5,1.3,1.0,-0.01415946452861809,2
sc,3.5,1.3,1.5,-0.013324335550087371,2
sc,3.5,1.3,2.0,-0.014159464528617965,2
sc,3.5,1.3,2.5,-0.013324335550087413,2
sc,3.5,1.3,3.0,-0.014159464528617924,2
sc,3.5,1.3,4.0,-0.014159464528617868,2
sc,3.5,1.3,5.0,-0.014159464528617827,2
sc,3.5,1.3,6.0,-0.014159464528617716,2
sc,3.5,1.3,7.0,-0.014159464528617577,2
sc,3.5,1.7,1.0,-0.01382818925777396,2
sc,3.5,1.7,1.5,-0.014217644284198055,2
sc,3.5,1.7,2.0,-0.013828189257773862,2
sc,3.5,1.7,2.5,-0.014217644284197958,2
sc,3.5,1.7,3.0,-0.013828189257773793,2
sc,3.5,1.7,4.0,-0.013828189257773862,2
sc,3.5,1.7,5.0,-0.013828189257773835,2
sc,3.5,1.7,6.0,-0.01382818925777371,2
sc,3.5,1.7,7.0,-0.013828189257773668,2
sc,3.5,2.2,1.0,-0.01336053931281743,2
sc,3.5,2.2,1.5,-0.013577741321877612,2
sc,3.5,2.2,2.0,-0.013360539312817318,2
sc,3.5,2.2,2.5,-0.013577741321877598,2
sc,3.5,2.2,3.0,-0.013360539312817332,2
sc,3.5,2.2,4.0,-0.013360539312817332,2
sc,3.5,2.2,5.0,-0.013360539312817193,2
sc,3.5,2.2,6.0,-0.01336053931281718,2
sc,3.5,2.2,7.0,-0.013360539312817221,2
sc,4.0,0.4,1.0,,0
sc,4.0,0.4,1.5,,0
sc,4.0,0.4,2.0,,0
sc,4.0,0.4,2.5,0.015899089401060246,2
sc,4.0,0.4,3.0,0.02020669149454704,2
sc,4.0,0.4,4.0,0.020206691494547513,2
sc,4.0,0.4,5.0,0.020206691494547402,2
sc,4.0,0.4,6.0,0.020206691494547874,2
sc,4.0,0.4,7.0,0.020206691494547985,2
sc,4.0,0.6,1.0,,0
sc,4.0,0.6,1.5,0.0036041361082685963,2
sc,4.0,0.6,2.0,0.003742360211606746,2
sc,4.0,0.6,2.5,0.003604136108268624,2
sc,4.0,0.6,3.0,0.0037423602116067045,2
sc,4.0,0.6,4.0,0.00374236021160676,2
sc,4.0,0.6,5.0,0.003742360211606857,2
sc,4.0,0.6,6.0,0.0037423602116069127,2
sc,4.0,0.6,7.0,0.003742360211607232,2
sc,4.0,0.8,1.0,,0
sc,4.0,0.8,1.5,-0.004003477752250323,2
sc,4.0,0.8,2.0,-0.003589867060566007,2
sc,4.0,0.8,2.5,-0.004003477752250309,2
sc,4.0,0.8,3.0,-0.003589867060566118,2
sc,4.0,0.8,4.0,-0.0035898670605659516,2
sc,4.0,0.8,5.0,-0.003589867060565799,2
sc,4.0,0.8,6.0,-0.0035898670605657573,2
sc,4.0,0.8,7.0,-0.003589867060565563,2
sc,4.0,1.0,1.0,,0
sc,4.0,1.0,1.5,-0.007720327624038251,2
sc,4.0,1.0,2.0,-0.0073992831587918195,2
sc,4.0,1.0,2.5,-0.0077203276240381535,2
sc,4.0,1.0,3.0,-0.007399283158791903,2
sc,4.0,1.0,4.0,-0.0073992831587919305,2
sc,4.0,1.0,5.0,-0.007399283158791722,2
sc,4.0,1.0,6.0,-0.007399283158791667,2
sc,4.0,1.0,7.0,-0.007399283158791653,2
sc,4.0,1.3,1.0,-0.009401818718010949,2
sc,4.0,1.3,1.5,-0.008824213101194217,2
sc,4.0,1.3,2.0,-0.00940181871801092,2
sc,4.0,1.3,2.5,-0.008824213101194203,2
sc,4.0,1.3,3.0,-0.009401818718010935,2
sc,4.0,1.3,4.0,-0.009401818718010962,2
sc,4.0,1.3,5.0,-0.009401818718010851,2
sc,4.0,1.3,6.0,-0.009401818718010754,2
sc,4.0,1.3,7.0,-0.009401818718010713,2
sc,4.0,1.7,1.0,-0.009458601917889511,2
sc,4.0,1.7,1.5,-0.009429369399822918,2
sc,4.0,1.7,2.0,-0.009458601917889387,2
sc,4.0,1.7,2.5,-0.009429369399822946,2
sc,4.0,1.7,3.0,-0.0094586019178894,2
sc,4.0,1.7,4.0,-0.009458601917889511,2
sc,4.0,1.7,5.0,-0.009458601917889345,2
sc,4.0,1.7,6.0,-0.009458601917889345,2
sc,4.0,1.7,7.0,-0.009458601917889317,2
sc,4.0,2.2,1.0,-0.009159944280093632,2
sc,4.0,2.2,1.5,-0.009216836724088837,2
sc,4.0,2.2,2.0,-0.009159944280093535,2
sc,4.0,2.2,2.5,-0.009216836724088837,2
sc,4.0,2.2,3.0,-0.009159944280093521,2
sc,4.0,2.2,4.0,-0.009159944280093577,2
sc,4.0,2.2,5.0,-0.009159944280093549,2
sc,4.0,2.2,6.0,-0.009159944280093507,2
sc,4.0,2.2,7.0,-0.009159944280093424,2
sc,4.5,0.4,1.0,,0
sc,4.5,0.4,1.5,,0
sc,4.5,0.4,2.0,,0
sc,4.5,0.4,2.5,0.025941345771228003,2
sc,4.5,0.4,3.0,0.02610919743980955,2
sc,4.5,0.4,4.0,0.026109197439809967,2
sc,4.5,0.4,5.0,0.026109197439809856,2
sc,4.5,0.4,6.0,0.026109197439809995,2
sc,4.5,0.4,7.0,0.02610919743981019,2
sc,4.5,0.6,1.0,,0
sc,4.5,0.6,1.5,0.007302341859850459,2
sc,4.5,0.6,2.0,0.006783603001789679,2
sc,4.5,0.6,2.5,0.007302341859850597,2
sc,4.5,0.6,3.0,0.006783603001789679,2
sc,4.5,0.6,4.0,0.006783603001789734,2
sc,4.5,0.6,5.0,0.006783603001789762,2
sc,4.5,0.6,6.0,0.006783603001789762,2
sc,4.5,0.6,7.0,0.0067836030017899285,2
sc,4.5,0.8,1.0,,0
sc,4.5,0.8,1.5,-0.0015595244412073689,2
sc,4.5,0.8,2.0,-0.0019338868677145765,2
sc,4.5,0.8,2.5,-0.0015595244412073689,2
sc,4.5,0.8,3.0,-0.0019338868677145488,2
sc,4.5,0.8,4.0,-0.0019338868677144794,2
sc,4.5,0.8,5.0,-0.0019338868677145349,2
sc,4.5,0.8,6.0,-0.0019338868677144794,2
sc,4.5,0.8,7.0,-0.0019338868677143822,2
sc,4.5,1.0,1.0,,0
sc,4.5,1.0,1.5,-0.005088880658616707,2
sc,4.5,1.0,2.0,-0.005155292765616104,2
sc,4.5,1.0,2.5,-0.005088880658616721,2
sc,4.5,1.0,3.0,-0.005155292765616118,2
sc,4.5,1.0,4.0,-0.005155292765616146,2
sc,4.5,1.0,5.0,-0.005155292765616021,2
sc,4.5,1.0,6.0,-0.005155292765616007,2
sc,4.5,1.0,7.0,-0.005155292765616007,2
sc,4.5,1.3,1.0,-0.0063737272235134396,2
sc,4.5,1.3,1.5,-0.0063559175104931365,2
sc,4.5,1.3,2.0,-0.006373727223513356,2
sc,4.5,1.3,2.5,-0.006355917510493275,2
sc,4.5,1.3,3.0,-0.0063737272235134396,2
sc,4.5,1.3,4.0,-0.006373727223513384,2
sc,4.5,1.3,5.0,-0.006373727223513301,2
sc,4.5,1.3,6.0,-0.006373727223513356,2
sc,4.5,1.3,7.0,-0.006373727223513245,2
sc,4.5,1.7,1.0,-0.0068987952420346554,2
sc,4.5,1.7,1.5,-0.0065576505469840535,2
sc,4.5,1.7,2.0,-0.0068987952420346554,2
sc,4.5,1.7,2.5,-0.00655765054698397,2
sc,4.5,1.7,3.0,-0.006898795242034697,2
sc,4.5,1.7,4.0,-0.006898795242034683,2
sc,4.5,1.7,5.0,-0.0068987952420346,2
sc,4.5,1.7,6.0,-0.006898795242034614,2
sc,4.5,1.7,7.0,-0.006898795242034586,2
sc,4.5,2.2,1.0,-0.00680384377936992,2
sc,4.5,2.2,1.5,-0.0067651841807566115,2
sc,4.5,2.2,2.0,-0.006803843779369781,2
sc,4.5,2.2,2.5,-0.006765184180756695,2
sc,4.5,2.2,3.0,-0.006803843779369836,2
sc,4.5,2.2,4.0,-0.006803843779369767,2
sc,4.5,2.2,5.0,-0.006803843779369809,2
sc,4.5,2.2,6.0,-0.006803843779369753,2
sc,4.5,2.2,7.0,-0.006803843779369628,2
sc,5.0,0.4,1.0,,0
sc,5.0,0.4,1.5,,0
sc,5.0,0.4,2.0,,0
sc,5.0,0.4,2.5,0.027760476512863064,2
sc,5.0,0.4,3.0,0.027785201137597415,2
sc,5.0,0.4,4.0,0.027785201137597387,2
sc,5.0,0.4,5.0,0.02778520113759725,2
sc,5.0,0.4,6.0,0.027785201137597554,2
sc,5.0,0.4,7.0,0.02778520113759747,2
sc,5.0,0.6,1.0,,0
sc,5.0,0.6,1.5,0.005790626574363689,2
sc,5.0,0.6,2.0,0.00617403450449272,2
sc,5.0,0.6,2.5,0.005790626574363744,2
sc,5.0,0.6,3.0,0.006174034504492748,2
sc,5.0,0.6,4.0,0.006174034504492776,2
sc,5.0,0.6,5.0,0.006174034504492859,2
sc,5.0,0.6,6.0,0.006174034504492831,2
sc,5.0,0.6,7.0,0.006174034504492942,2
sc,5.0,0.8,1.0,,0
sc,5.0,0.8,1.5,-0.0012053116268839759,2
sc,5.0,0.8,2.0,-0.0012028743627680721,2
sc,5.0,0.8,2.5,-0.0012053116268839065,2
sc,5.0,0.8,3.0,-0.0012028743627680583,2
sc,5.0,0.8,4.0,-0.0012028743627680444,2
sc,5.0,0.8,5.0,-0.0012028743627680305,2
sc,5.0,0.8,6.0,-0.001202874362767975,2
sc,5.0,0.8,7.0,-0.0012028743627680027,2
sc,5.0,1.0,1.0,,0
sc,5.0,1.0,1.5,-0.0036326337632994754,2
sc,5.0,1.0,2.0,-0.0034094174350181305,2
sc,5.0,1.0,2.5,-0.0036326337632993644,2
sc,5.0,1.0,3.0,-0.003409417435018172,2
sc,5.0,1.0,4.0,-0.0034094174350181167,2
sc,5.0,1.0,5.0,-0.003409417435018075,2
sc,5.0,1.0,6.0,-0.0034094174350180334,2
sc,5.0,1.0,7.0,-0.0034094174350180195,2
sc,5.0,1.3,1.0,-0.004662060082301495,2
sc,5.0,1.3,1.5,-0.0045349488236064855,2
sc,5.0,1.3,2.0,-0.004662060082301536,2
sc,5.0,1.3,2.5,-0.004534948823606458,2
sc,5.0,1.3,3.0,-0.004662060082301564,2
sc,5.0,1.3,4.0,-0.00466206008230155,2
sc,5.0,1.3,5.0,-0.0046620600823013975,2
sc,5.0,1.3,6.0,-0.004662060082301425,2
sc,5.0,1.3,7.0,-0.004662060082301356,2
sc,5.0,1.7,1.0,-0.0049906581532161015,2
sc,5.0,1.7,1.5,-0.005027073789610634,2
sc,5.0,1.7,2.0,-0.004990658153216018,2
sc,5.0,1.7,2.5,-0.005027073789610675,2
sc,5.0,1.7,3.0,-0.004990658153216074,2
sc,5.0,1.7,4.0,-0.004990658153216032,2
sc,5.0,1.7,5.0,-0.004990658153216032,2
sc,5.0,1.7,6.0,-0.004990658153216018,2
sc,5.0,1.7,7.0,-0.004990658153215935,2
sc,5.0,2.2,1.0,-0.005097441781648157,2
sc,5.0,2.2,1.5,-0.005213198008235831,2
sc,5.0,2.2,2.0,-0.005097441781648157,2
sc,5.0,2.2,2.5,-0.005213198008235775,2
sc,5.0,2.2,3.0,-0.005097441781648185,2
sc,5.0,2.2,4.0,-0.005097441781648185,2
sc,5.0,2.2,5.0,-0.00509744178164824,2
sc,5.0,2.2,6.0,-0.0050974417816481155,2
sc,5.0,2.2,7.0,-0.005097441781648199,2
sc,6.0,0.4,1.0,,0
sc,6.0,0.4,1.5,,0
sc,6.0,0.4,2.0,,0
sc,6.0,0.4,2.5,0.020702327857164443,2
sc,6.0,0.4,3.0,0.020636268601414015,2
sc,6.0,0.4,4.0,0.02063626860141418,2
sc,6.0,0.4,5.0,0.020636268601414043,2
sc,6.0,0.4,6.0,0.02063626860141421,2
sc,6.0,0.4,7.0,0.02063626860141421,2
sc,6.0,0.6,1.0,,0
sc,6.0,0.6,1.5,0.0034203737165799664,2
sc,6.0,0.6,2.0,0.0038191968659832543,2
sc,6.0,0.6,2.5,0.003420373716579994,2
sc,6.0,0.6,3.0,0.0038191968659833375,2
sc,6.0,0.6,4.0,0.0038191968659833098,2
sc,6.0,0.6,5.0,0.003819196865983393,2
sc,6.0,0.6,6.0,0.0038191968659834485,2
sc,6.0,0.6,7.0,0.003819196865983532,2
sc,6.0,0.8,1.0,,0
sc,6.0,0.8,1.5,-0.0006107517363036358,2
sc,6.0,0.8,2.0,-0.00044650706882798374,2
sc,6.0,0.8,2.5,-0.0006107517363036635,2
sc,6.0,0.8,3.0,-0.00044650706882792823,2
sc,6.0,0.8,4.0,-0.00044650706882792823,2
sc,6.0,0.8,5.0,-0.0004465070688279005,2
sc,6.0,0.8,6.0,-0.00044650706882798374,2
sc,6.0,0.8,7.0,-0.0004465070688279005,2
sc,6.0,1.0,1.0,,0
sc,6.0,1.0,1.5,-0.0019532001182597652,2
sc,6.0,1.0,2.0,-0.0020836956317073635,2
sc,6.0,1.0,2.5,-0.001953200118259793,2
sc,6.0,1.0,3.0,-0.002083695631707294,2
sc,6.0,1.0,4.0,-0.0020836956317073635,2
sc,6.0,1.0,5.0,-0.002083695631707322,2
sc,6.0,1.0,6.0,-0.0020836956317073357,2
sc,6.0,1.0,7.0,-0.0020836956317072386,2
sc,6.0,1.3,1.0,-0.002732642093492596,2
sc,6.0,1.3,1.5,-0.002847320250387836,2
sc,6.0,1.3,2.0,-0.002732642093492596,2
sc,6.0,1.3,2.5,-0.0028473202503878636,2
sc,6.0,1.3,3.0,-0.0027326420934925544,2
sc,6.0,1.3,4.0,-0.0027326420934925405,2
sc,6.0,1.3,5.0,-0.0027326420934925544,2
sc,6.0,1.3,6.0,-0.0027326420934925266,2
sc,6.0,1.3,7.0,-0.002732642093492471,2
sc,6.0,1.7,1.0,-0.003171875874808716,2
sc,6.0,1.7,1.5,-0.003114934937232333,2
sc,6.0,1.7,2.0,-0.003171875874808619,2
sc,6.0,1.7,2.5,-0.003114934937232375,2
sc,6.0,1.7,3.0,-0.003171875874808619,2
sc,6.0,1.7,4.0,-0.003171875874808619,2
sc,6.0,1.7,5.0,-0.0031718758748086745,2
sc,6.0,1.7,6.0,-0.0031718758748085912,2
sc,6.0,1.7,7.0,-0.0031718758748085774,2
sc,6.0,2.2,1.0,-0.0032053312375455723,2
sc,6.0,2.2,1.5,-0.003273178683458,2
sc,6.0,2.2,2.0,-0.0032053312375455584,2
sc,6.0,2.2,2.5,-0.0032731786834579862,2
sc,6.0,2.2,3.0,-0.0032053312375455167,2
sc,6.0,2.2,4.0,-0.0032053312375454612,2
sc,6.0,2.2,5.0,-0.0032053312375455445,2
sc,6.0,2.2,6.0,-0.0032053312375454057,2
sc,6.0,2.2,7.0,-0.0032053312375455306,2
sc,7.5,0.4,1.0,,0
sc,7.5,0.4,1.5,,0
sc,7.5,0.4,2.0,,0
sc,7.5,0.4,2.5,0.010739012255648162,2
sc,7.5,0.4,3.0,0.01091868873784202,2
sc,7.5,0.4,4.0,0.010918688737842103,2
sc,7.5,0.4,5.0,0.01091868873784202,2
sc,7.5,0.4,6.0,0.010918688737842047,2
sc,7.5,0.4,7.0,0.010918688737842075,2
sc,7.5,0.6,1.0,,0
sc,7.5,0.6,1.5,0.0019588405679607512,2
sc,7.5,0.6,2.0,0.001846151340190616,2
sc,7.5,0.6,2.5,0.0019588405679607512,2
sc,7.5,0.6,3.0,0.0018461513401905882,2
sc,7.5,0.6,4.0,0.001846151340190616,2
sc,7.5,0.6,5.0,0.0018461513401906993,2
sc,7.5,0.6,6.0,0.001846151340190727,2
sc,7.5,0.6,7.0,0.0018461513401906993,2
sc,7.5,0.8,1.0,,0
sc,7.5,0.8,1.5,-0.0003398843912702926,2
sc,7.5,0.8,2.0,-0.00018178752829882405,2
sc,7.5,0.8,2.5,-0.0003398843912702232,2
sc,7.5,0.8,3.0,-0.0001817875282987269,2
sc,7.5,0.8,4.0,-0.0001817875282987963,2
sc,7.5,0.8,5.0,-0.0001817875282987269,2
sc,7.5,0.8,6.0,-0.00018178752829875466,2
sc,7.5,0.8,7.0,-0.00018178752829869915,2
sc,7.5,1.0,1.0,,0
sc,7.5,1.0,1.5,-0.0010750547487842765,2
sc,7.5,1.0,2.0,-0.0011384862502918786,2
sc,7.5,1.0,2.5,-0.0010750547487843043,2
sc,7.5,1.0,3.0,-0.0011384862502918092,2
sc,7.5,1.0,4.0,-0.0011384862502917675,2
sc,7.5,1.0,5.0,-0.0011384862502917398,2
sc,7.5,1.0,6.0,-0.001138486250291823,2
sc,7.5,1.0,7.0,-0.0011384862502917398,2
sc,7.5,1.3,1.0,-0.0016068510241763895,2
sc,7.5,1.3,1.5,-0.0014978624416814856,2
sc,7.5,1.3,2.0,-0.0016068510241763617,2
sc,7.5,1.3,2.5,-0.0014978624416815411,2
sc,7.5,1.3,3.0,-0.0016068510241764034,2
sc,7.5,1.3,4.0,-0.0016068510241763617,2
sc,7.5,1.3,5.0,-0.001606851024176334,2
sc,7.5,1.3,6.0,-0.0016068510241763478,2
sc,7.5,1.3,7.0,-0.001606851024176334,2
sc,7.5,1.7,1.0,-0.001801359108993747,2
sc,7.5,1.7,1.5,-0.0018057098122397086,2
sc,7.5,1.7,2.0,-0.0018013591089936776,2
sc,7.5,1.7,2.5,-0.0018057098122396253,2
sc,7.5,1.7,3.0,-0.0018013591089937192,2
sc,7.5,1.7,4.0,-0.0018013591089936637,2
sc,7.5,1.7,5.0,-0.0018013591089936776,2
sc,7.5,1.7,6.0,-0.0018013591089936914,2
sc,7.5,1.7,7.0,-0.0018013591089937192,2
sc,7.5,2.2,1.0,-0.001879075210442227,2
sc,7.5,2.2,1.5,-0.00191689940650204,2
sc,7.5,2.2,2.0,-0.0018790752104421854,2
sc,7.5,2.2,2.5,-0.0019168994065019151,2
sc,7.5,2.2,3.0,-0.0018790752104421299,2
sc,7.5,2.2,4.0,-0.0018790752104421854,2
sc,7.5,2.2,5.0,-0.001879075210442241,2
sc,7.5,2.2,6.0,-0.0018790752104422132,2
sc,7.5,2.2,7.0,-0.0018790752104421854,2
sc,9.0,0.4,1.0,,0
sc,9.0,0.4,1.5,,0
sc,9.0,0.4,2.0,,0
sc,9.0,0.4,2.5,0.006338585277341796,2
sc,9.0,0.4,3.0,0.006342112197699978,2
sc,9.0,0.4,4.0,0.006342112197699923,2
sc,9.0,0.4,5.0,0.006342112197699867,2
sc,9.0,0.4,6.0,0.006342112197699895,2
sc,9.0,0.4,7.0,0.006342112197700006,2
sc,9.0,0.6,1.0,,0
sc,9.0,0.6,1.5,0.0011278639702535787,2
sc,9.0,0.6,2.0,0.001193846872914961,2
sc,9.0,0.6,2.5,0.0011278639702536342,2
sc,9.0,0.6,3.0,0.0011938468729149887,2
sc,9.0,0.6,4.0,0.001193846872915072,2
sc,9.0,0.6,5.0,0.0011938468729150442,2
sc,9.0,0.6,6.0,0.0011938468729150165,2
sc,9.0,0.6,7.0,0.001193846872915072,2
sc,9.0,0.8,1.0,,0
sc,9.0,0.8,1.5,-0.00011304445238773109,2
sc,9.0,0.8,2.0,-0.00021121137267612888,2
sc,9.0,0.8,2.5,-0.00011304445238775884,2
sc,9.0,0.8,3.0,-0.00021121137267612888,2
sc,9.0,0.8,4.0,-0.00021121137267604562,2
sc,9.0,0.8,5.0,-0.00021121137267607337,2
sc,9.0,0.8,6.0,-0.00021121137267612888,2
sc,9.0,0.8,7.0,-0.00021121137267610113,2
sc,9.0,1.0,1.0,,0
sc,9.0,1.0,1.5,-0.0006478855968264224,2
sc,9.0,1.0,2.0,-0.0006924856210776403,2
sc,9.0,1.0,2.5,-0.0006478855968263808,2
sc,9.0,1.0,3.0,-0.0006924856210777097,2
sc,9.0,1.0,4.0,-0.000692485621077682,2
sc,9.0,1.0,5.0,-0.0006924856210776681,2
sc,9.0,1.0,6.0,-0.000692485621077682,2
sc,9.0,1.0,7.0,-0.0006924856210777097,2
sc,9.0,1.3,1.0,-0.0010099913578073827,2
sc,9.0,1.3,1.5,-0.001020081620851071,2
sc,9.0,1.3,2.0,-0.0010099913578073688,2
sc,9.0,1.3,2.5,-0.0010200816208510016,2
sc,9.0,1.3,3.0,-0.0010099913578073966,2
sc,9.0,1.3,4.0,-0.0010099913578073827,2
sc,9.0,1.3,5.0,-0.0010099913578074243,2
sc,9.0,1.3,6.0,-0.0010099913578073827,2
sc,9.0,1.3,7.0,-0.0010099913578073272,2
sc,9.0,1.7,1.0,-0.0011243420879707283,2
sc,9.0,1.7,1.5,-0.0011851943074135118,2
sc,9.0,1.7,2.0,-0.0011243420879706312,2
sc,9.0,1.7,2.5,-0.0011851943074135118,2
sc,9.0,1.7,3.0,-0.001124342087970659,2
sc,9.0,1.7,4.0,-0.0011243420879706312,2
sc,9.0,1.7,5.0,-0.0011243420879706312,2
sc,9.0,1.7,6.0,-0.0011243420879705895,2
sc,9.0,1.7,7.0,-0.0011243420879707006,2
sc,9.0,2.2,1.0,-0.0012121330611611636,2
sc,9.0,2.2,1.5,-0.0012489644370518027,2
sc,9.0,2.2,2.0,-0.0012121330611611636,2
sc,9.0,2.2,2.5,-0.001248964437051872,2
sc,9.0,2.2,3.0,-0.0012121330611611775,2
sc,9.0,2.2,4.0,-0.0012121330611611358,2
sc,9.0,2.2,5.0,-0.0012121330611611358,2
sc,9.0,2.2,6.0,-0.0012121330611611913,2
sc,9.0,2.2,7.0,-0.0012121330611612052,2
sc,10.0,0.4,1.0,,0
sc,10.0,0.4,1.5,,0
sc,10.0,0.4,2.0,,0
sc,10.0,0.4,2.5,0.0047084731463789276,2
sc,10.0,0.4,3.0,0.004695815088063937,2
sc,10.0,0.4,4.0,0.004695815088063909,2
sc,10.0,0.4,5.0,0.004695815088063854,2
sc,10.0,0.4,6.0,0.004695815088063909,2
sc,10.0,0.4,7.0,0.004695815088063965,2
sc,10.0,0.6,1.0,,0
sc,10.0,0.6,1.5,0.0008762848174763416,2
sc,10.0,0.6,2.0,0.0008850208631888679,2
sc,10.0,0.6,2.5,0.0008762848174762305,2
sc,10.0,0.6,3.0,0.0008850208631888401,2
sc,10.0,0.6,4.0,0.0008850208631889511,2
sc,10.0,0.6,5.0,0.0008850208631888401,2
sc,10.0,0.6,6.0,0.0008850208631888956,2
sc,10.0,0.6,7.0,0.0008850208631888123,2
sc,10.0,0.8,1.0,,0
sc,10.0,0.8,1.5,-8.765022764653518e-05,2
sc,10.0,0.8,2.0,-0.00016287473177542533,2
sc,10.0,0.8,2.5,-8.765022764653518e-05,2
sc,10.0,0.8,3.0,-0.00016287473177545309,2
sc,10.0,0.8,4.0,-0.00016287473177545309,2
sc,10.0,0.8,5.0,-0.00016287473177542533,2
sc,10.0,0.8,6.0,-0.00016287473177539757,2
sc,10.0,0.8,7.0,-0.00016287473177546696,2
sc,10.0,1.0,1.0,,0
sc,10.0,1.0,1.5,-0.0005061163676124414,2
sc,10.0,1.0,2.0,-0.0005403744849185876,2
sc,10.0,1.0,2.5,-0.0005061163676124553,2
sc,10.0,1.0,3.0,-0.0005403744849185182,2
sc,10.0,1.0,4.0,-0.0005403744849185321,2
sc,10.0,1.0,5.0,-0.0005403744849184766,2
sc,10.0,1.0,6.0,-0.0005403744849184627,2
sc,10.0,1.0,7.0,-0.0005403744849185182,2
sc,10.0,1.3,1.0,-0.0007922568112695011,2
sc,10.0,1.3,1.5,-0.000765325257936017,2
sc,10.0,1.3,2.0,-0.0007922568112694733,2
sc,10.0,1.3,2.5,-0.000765325257936017,2
sc,10.0,1.3,3.0,-0.0007922568112694456,2
sc,10.0,1.3,4.0,-0.0007922568112694178,2
sc,10.0,1.3,5.0,-0.0007922568112694178,2
sc,10.0,1.3,6.0,-0.000792256811269404,2
sc,10.0,1.3,7.0,-0.000792256811269404,2
sc,10.0,1.7,1.0,-0.0008867371129543389,2
sc,10.0,1.7,1.5,-0.0009344113480700966,2
sc,10.0,1.7,2.0,-0.0008867371129543111,2
sc,10.0,1.7,2.5,-0.0009344113480699995,2
sc,10.0,1.7,3.0,-0.0008867371129542417,2
sc,10.0,1.7,4.0,-0.0008867371129542695,2
sc,10.0,1.7,5.0,-0.0008867371129542834,2
sc,10.0,1.7,6.0,-0.0008867371129542001,2
sc,10.0,1.7,7.0,-0.0008867371129542279,2
sc,10.0,2.2,1.0,-0.0009586749330056377,2
sc,10.0,2.2,1.5,-0.0009879629002840506,2
sc,10.0,2.2,2.0,-0.000958674933005596,2
sc,10.0,2.2,2.5,-0.0009879629002840368,2
sc,10.0,2.2,3.0,-0.0009586749330056099,2
sc,10.0,2.2,4.0,-0.000958674933005596,2
sc,10.0,2.2,5.0,-0.0009586749330056515,2
sc,10.0,2.2,6.0,-0.0009586749330055544,2
sc,10.0,2.2,7.0,-0.0009586749330055544,2
