depth,s1,off,a_edge,bias,n,bias_spread,regime
3.0,0.6,-0.25,0.7494755160283249,0.08548403711684822,3,0.0077335752374601,FC*
3.0,0.6,0.0,0.8016526178036472,0.09282552179828685,3,0.01279247187547461,FC*
3.0,0.6,0.25,0.8579733921614437,0.09938494927661405,3,0.01964628806262725,FC*
3.0,0.6,0.5,0.9165262784759244,0.10567011244714723,3,0.025793371537488285,FC*
3.0,0.6,0.75,,,0,,None
3.0,0.6,1.0,,,0,,None
3.0,0.6,1.35,,,0,,None
3.0,0.8,-0.25,0.7048738932833972,0.05978533434952771,3,0.006188123172090498,FC*
3.0,0.8,0.0,0.7680172966728868,0.06528143303425367,3,0.007943484384670407,FC*
3.0,0.8,0.25,0.8398227036884921,0.07279353665520201,3,0.012796296997654277,FC*
3.0,0.8,0.5,0.9165262784759244,0.08031886412319107,3,0.01330287165123667,FC*
3.0,0.8,0.75,0.9933701705982874,0.09813952899740053,1,0.0,None
3.0,0.8,1.0,,,0,,None
3.0,0.8,1.35,1.1505016814199747,0.0,3,0.0,MC
3.0,1.0,-0.25,0.6671286654950647,0.04081567399217637,3,0.005034471007059671,FC*
3.0,1.0,0.0,0.7376089496387398,0.04645070716207241,3,0.005780144108413432,FC*
3.0,1.0,0.25,0.8227076968676607,0.052875488223343536,3,0.009425519161727403,FC*
3.0,1.0,0.5,0.9165262784759247,0.059627012032401984,3,0.00889833685421515,FC*
3.0,1.0,0.75,1.010476980523122,0.07214838211280811,2,0.0053513989305319365,FC*
3.0,1.0,1.0,,,0,,None
3.0,1.0,1.35,1.1894681225959627,0.0,3,0.0,MC
3.0,1.2,-0.25,0.6358552410675333,0.029483599404795207,3,0.005594881876368474,FC*
3.0,1.2,0.0,0.7105340827953386,0.03247086562631426,3,0.006781650329030331,FC*
3.0,1.2,0.25,0.8067462341210417,0.038305859918717634,3,0.0077529693078634,FC*
3.0,1.2,0.5,0.9165262784759242,0.04467096037417636,3,0.0089913407942116,FC*
3.0,1.2,0.75,1.0263063228308065,0.05210382020516343,3,0.01416406963714778,FC*
3.0,1.2,1.0,1.1225184741565088,0.0,3,0.0,MC
3.0,1.2,1.35,1.2206602137829698,0.0,3,0.0,MC
3.0,1.4,-0.25,0.6103063633615246,0.01990167285230593,3,0.006555576466264923,VFC
3.0,1.4,0.0,0.6866930538861755,0.02363239253113462,3,0.007379212999271911,FC*
3.0,1.4,0.25,0.7919968603877,0.02830547958368738,3,0.008359780502954939,FC*
3.0,1.4,0.5,0.9165262784759244,0.034207575789652944,3,0.009539859311829213,FC*
3.0,1.4,0.75,1.0410556965641498,0.03856505992115037,3,0.01196071608172411,FC*
3.0,1.4,1.0,1.146359503065672,0.011178966546712391,3,0.033536899640137174,MC
3.0,1.4,1.35,1.2452492383328335,0.0,3,0.0,MC
3.0,1.7,-0.25,0.5808198353023705,0.013735871351464554,3,0.006841082371030871,VFC
3.0,1.7,0.0,0.6564737869370868,0.01475917018848553,3,0.008153828552834863,FC*
3.0,1.7,0.25,0.7721542523931783,0.0180502859296711,3,0.009245316826772987,FC*
3.0,1.7,0.5,0.9165262784759235,0.019875694328392646,3,0.011272324791919752,FC*
3.0,1.7,0.75,1.0608983045586708,0.007173702227626588,3,0.011027769519125208,FC
3.0,1.7,1.0,1.1765787700147614,0.005998260118661151,3,0.017994780355983453,MC
3.0,1.7,1.35,1.2723940698197262,0.0,3,0.0,MC
3.0,2.0,-0.25,0.5595018410542638,0.0068940275348522055,3,0.007806096078919356,VFC
3.0,2.0,0.0,0.6319939892678762,0.00854950032459382,3,0.008875972230098617,FC*
3.0,2.0,0.25,0.7549317645507174,0.010730391839862463,3,0.010136839513108842,FC*
3.0,2.0,0.5,0.9165262784759246,0.013657770859857607,3,0.011610638911138671,FC*
3.0,2.0,0.75,1.0781207924011305,0.0017025063493133301,3,0.013363027500957025,FC
3.0,2.0,1.0,1.2010585676839736,0.0035411571172765757,3,0.010623471351829727,MC
3.0,2.0,1.35,1.290975344595845,0.0,3,0.0,MC
3.0,2.5,-0.25,0.5362668020840315,0.0006126707313012236,3,0.008750668532075623,VFC
3.0,2.5,0.0,0.6011578613495305,0.0037231107334826743,3,0.00924505556376698,VFC
3.0,2.5,0.25,0.731406040705603,0.00330233885676288,3,0.011153036997144927,FC*
3.0,2.5,0.5,0.9165262784759243,0.004668862665535197,3,0.012929621802985736,FC*
3.0,2.5,0.75,1.1016465162462454,-0.0029092707947146468,3,0.014667031325397872,FC
3.0,2.5,1.0,1.2318946956023173,0.0014559607153268317,3,0.0046503409740235035,FC
3.0,2.5,1.35,1.3098567310376181,0.0,3,0.0,MC
4.0,0.6,-0.25,0.7496098132143816,0.06152397278551106,3,0.002975770864489191,FC*
4.0,0.6,0.0,0.8017869149897031,0.06750379743015451,3,0.0035155407388921533,FC*
4.0,0.6,0.25,0.8581076893475007,0.07415489556346944,3,0.004241382470590804,FC*
4.0,0.6,0.5,0.9166605756619793,0.08079320015609463,3,0.0074358119115377486,FC*
4.0,0.6,0.75,0.9752134619764584,0.08548403711684904,3,0.007733575237460322,FC*
4.0,0.6,1.0,1.0315342363342552,0.09282552179828656,3,0.01279247187547472,FC*
4.0,0.6,1.35,1.1030955727156504,0.1033836882128109,3,0.021341711823793075,FC*
4.0,0.8,-0.25,0.705008190469453,0.03981770568856787,3,0.002225520150217708,FC*
4.0,0.8,0.0,0.7681515938589416,0.0430041021975189,3,0.002638530931603933,FC*
4.0,0.8,0.25,0.8399570008745462,0.04820664388001398,3,0.002981169063495992,FC*
4.0,0.8,0.5,0.91666057566198,0.0536859792115049,3,0.0034181197194749213,FC*
4.0,0.8,0.75,0.9933641504494123,0.05978533434952771,3,0.006188123172089943,FC*
4.0,0.8,1.0,1.0651695574650173,0.06528143303425386,3,0.007943484384669519,FC*
4.0,0.8,1.35,1.15063597860603,0.06841871296919,3,0.013868047521473303,FC
4.0,1.0,-0.25,0.667262962681119,0.025380880450392957,3,0.0031053216465358746,FC*
4.0,1.0,0.0,0.7377432468247954,0.0287093191901584,3,0.003384380832726963,FC*
4.0,1.0,0.25,0.8228419940537157,0.03262315426555066,3,0.00371536354973645,FC*
4.0,1.0,0.5,0.9166605756619797,0.035557834004112276,3,0.004458648620311645,FC*
4.0,1.0,0.75,1.0104791572702434,0.04081567399217615,3,0.005034471007060226,FC*
4.0,1.0,1.0,1.0955779044991634,0.04645070716207204,3,0.005780144108413987,FC*
4.0,1.0,1.35,1.1896024197820185,0.038073855616298946,3,0.00840769842243383,FC
4.0,1.2,-0.25,0.6359895382535883,0.01782368739682731,3,0.003571946713752383,FC*
4.0,1.2,0.0,0.7106683799813941,0.019089985527650215,3,0.00412664932699236,FC*
4.0,1.2,0.25,0.8068805313070969,0.021932234140116542,3,0.004540573510824597,FC*
4.0,1.2,0.5,0.9166605756619789,0.02534898231487433,3,0.0050233651250062294,FC*
4.0,1.2,0.75,1.026440620016862,0.02948359940479513,3,0.005594881876370028,FC*
4.0,1.2,1.0,1.1226527713425642,0.013679342630329069,3,0.0027261773005037293,FC
4.0,1.2,1.35,1.2207945109690252,0.02131657921424664,3,0.0036318044896872514,FC
4.0,1.4,-0.25,0.6104406605475798,0.01177313352998303,3,0.004116621100744289,VFC
4.0,1.4,0.0,0.6868273510722318,0.013562307948514762,3,0.004525637030756036,FC*
4.0,1.4,0.25,0.792131157573755,0.015722141530038924,3,0.00499442184694443,FC*
4.0,1.4,0.5,0.9166605756619798,0.0183518225354035,3,0.005534530672122284,FC*
4.0,1.4,0.75,1.041189993750204,0.019901672852305635,3,0.006555576466264479,FC*
4.0,1.4,1.0,1.1464938002517275,0.007276417230878314,3,0.005128141238874062,FC
4.0,1.4,1.35,1.2453835355188885,0.011356234384704789,3,0.005719320632198155,FC
4.0,1.7,-0.25,0.5809541324884266,0.007993687006128384,3,0.00429610262116964,VFC
4.0,1.7,0.0,0.6566080841231418,0.00825979435585041,3,0.0049446291156434174,FC*
4.0,1.7,0.25,0.772288549579233,0.00970839855129583,3,0.005487711176435761,FC*
4.0,1.7,0.5,0.9166605756619791,0.010182272124342454,3,0.00642259037965498,FC*
4.0,1.7,0.75,1.0610326017447262,0.0025864483049550433,3,0.004557319083273892,FC
4.0,1.7,1.0,1.1767130672008168,0.002805752336774714,3,0.0063013418819256595,FC
4.0,1.7,1.35,1.2725283670057814,0.004334944558926283,3,0.008043176484131886,FC
4.0,2.0,-0.25,0.5596361382403184,0.0039283489317167115,3,0.004753321043319492,VFC
4.0,2.0,0.0,0.6321282864539309,0.004680667069593507,3,0.005280854950698077,FC*
4.0,2.0,0.25,0.7550660617367729,0.005613184686164489,3,0.005893866996144692,FC*
4.0,2.0,0.5,0.9166605756619797,0.0067825676887034074,3,0.006608878112365657,FC*
4.0,2.0,0.75,1.078255089587186,0.0003529127066529969,3,0.004836077703088748,FC
4.0,2.0,1.0,1.2011928648700276,0.0003303011120778428,3,0.006530344199655258,FC
4.0,2.0,1.35,1.291109641781901,0.0009527406819157905,3,0.008402412224209344,FC
4.0,2.5,-0.25,0.5364010992700862,0.0002932655416409043,3,0.005177663024327039,VFC
4.0,2.5,0.0,0.6012921585355859,0.001955862718062936,3,0.005439533680224706,VFC
4.0,2.5,0.25,0.7315403378916595,0.0015966986891780555,3,0.006311335162655862,FC*
4.0,2.5,0.5,0.9166605756619807,0.0021164283518724605,3,0.007126899185249669,FC*
4.0,2.5,0.75,1.1017808134323008,-0.0010214385174253104,3,0.004938946738182959,FC
4.0,2.5,1.0,1.2320289927883732,-0.0012623275293605813,3,0.005901293306522837,FC
4.0,2.5,1.35,1.3099910282236735,-0.0019210958424266493,3,0.0093583753625191,FC
5.0,0.6,-0.25,0.7496156341953277,0.04476774886189135,3,0.0011715144725900073,FC*
5.0,0.6,0.0,0.8017927359706515,0.048788601722288195,3,0.0012935061499801392,FC*
5.0,0.6,0.25,0.8581135103284482,0.05294438070295704,3,0.0009319599196707662,FC*
5.0,0.6,0.5,0.916666396642927,0.05790292491927873,3,0.0010765275049663403,FC*
5.0,0.6,0.75,0.9752192829574063,0.06152397278551166,3,0.0029757708644903014,FC*
5.0,0.6,1.0,1.0315400573152036,0.06750379743015411,3,0.003515540738891043,FC*
5.0,0.6,1.35,1.1031013936965974,0.07736068591774559,3,0.004536093177792244,FC*
5.0,0.8,-0.25,0.7050140114504012,0.027353440160944098,3,0.0015278278741133189,FC*
5.0,0.8,0.0,0.76815741483989,0.029120090743121867,3,0.0017481136207845305,FC*
5.0,0.8,0.25,0.8399628218554946,0.0322208058400005,3,0.001864646620330701,FC*
5.0,0.8,0.5,0.916666396642927,0.03576199710512806,3,0.0020142771159269435,FC*
5.0,0.8,0.75,0.9933699714303588,0.039817705688567795,3,0.0022255201502163757,FC*
5.0,0.8,1.0,1.0651753784459637,0.043004102197518455,3,0.002638530931603711,FC*
5.0,0.8,1.35,1.1506417995869773,0.026966687000760103,3,0.004662083648641069,FC
5.0,1.0,-0.25,0.6672687836620678,0.016999240273497824,3,0.002189501074963296,FC*
5.0,1.0,0.0,0.7377490678057438,0.018906087478556304,3,0.0023389580398643917,FC*
5.0,1.0,0.25,0.8228478150346636,0.02110511402933331,3,0.002504856450192494,FC*
5.0,1.0,0.5,0.9166663966429277,0.022537213277387447,3,0.002865164476253401,FC*
5.0,1.0,0.75,1.0104849782511913,0.025380880450392624,3,0.003105321646537207,FC*
5.0,1.0,1.0,1.0955837254801113,0.028709319190158806,3,0.003384380832726852,FC*
5.0,1.0,1.35,1.1896082407629656,0.013523723654394951,3,0.0007489895976340311,FC
5.0,1.2,-0.25,0.6359953592345353,0.011784257907749174,3,0.002497983537582793,FC*
5.0,1.2,0.0,0.7106742009623428,0.012351118209412778,3,0.0028082136186817763,FC*
5.0,1.2,0.25,0.8068863522880451,0.013893274762546834,3,0.0030340634887259244,FC*
5.0,1.2,0.5,0.9166663966429273,0.015698222003068103,3,0.0032870589923631455,FC*
5.0,1.2,0.75,1.0264464409978096,0.017823687396827086,3,0.003571946713752938,FC*
5.0,1.2,1.0,1.1226585923235117,0.0056861878694488555,3,0.0020408804753608845,FC
5.0,1.2,1.35,1.220800331949972,0.007358766693628523,3,0.00242094290578454,FC
5.0,1.4,-0.25,0.6104464815285273,0.007704220448955727,3,0.002814643790338356,VFC
5.0,1.4,0.0,0.6868331720531797,0.008686692391433048,3,0.0030466065800327513,FC*
5.0,1.4,0.25,0.7921369785547024,0.009837238498009548,3,0.0033065696911025455,FC*
5.0,1.4,0.5,0.9166663966429275,0.011193403925131943,3,0.003598863704735833,FC*
5.0,1.4,0.75,1.0411958147311522,0.011773133529983068,3,0.004116621100744622,FC*
5.0,1.4,1.0,1.1464996212326752,0.003285681688528016,3,0.0027362168356653838,FC
5.0,1.4,1.35,1.2453893564998364,0.004077005816706632,3,0.0028948697356290243,FC
5.0,1.7,-0.25,0.5809599534693735,0.0051992559366456454,3,0.0029203836669556837,VFC
5.0,1.7,0.0,0.6566139051040895,0.005237068572296814,3,0.003278967980681169,FC*
5.0,1.7,0.25,0.7722943705601802,0.005999607821311296,3,0.0035762830833870884,FC*
5.0,1.7,0.5,0.9166663966429275,0.006097324388468772,3,0.004062247625105431,FC*
5.0,1.7,0.75,1.061038422725674,0.0010837049448365055,3,0.0021902012504503854,FC
5.0,1.7,1.0,1.1767188881817647,0.0013375138015640127,3,0.002492356028898468,FC
5.0,1.7,1.35,1.2725341879867296,0.0015996867343561576,3,0.003506116196196285,FC
5.0,2.0,-0.25,0.5596419592212664,0.002529233286734156,3,0.0031668454787993072,VFC
5.0,2.0,0.0,0.632134107434878,0.0029402843896024398,3,0.003455571762972065,FC*
5.0,2.0,0.25,0.7550718827177213,0.003430606427012761,3,0.0037837064152196342,FC*
5.0,2.0,0.5,0.9166663966429279,0.0040198006653755875,3,0.004158222404924583,FC*
5.0,2.0,0.75,1.0782609105681338,0.00013446322746833253,3,0.0023963291226637984,FC
5.0,2.0,1.0,1.2011986858509747,0.00010932137335016116,3,0.0030767740763641416,FC
5.0,2.0,1.35,1.291115462762848,0.000280624266007871,3,0.003967571302920803,FC
5.0,2.5,-0.25,0.5364069202510352,0.0001732111980756549,3,0.003389952020723508,VFC
5.0,2.5,0.0,0.601297979516534,0.0012063353734641884,3,0.0035360799109184216,VFC
5.0,2.5,0.25,0.7315461588726068,0.0009435849303773095,3,0.003988958770161588,FC*
5.0,2.5,0.5,0.9166663966429273,0.0012092066865372526,3,0.004403391166082515,FC*
5.0,2.5,0.75,1.1017866344132479,-0.0005277447780909402,3,0.002577871324686176,FC
5.0,2.5,1.0,1.2320348137693207,-0.0006281466757998011,3,0.0029638601369225692,FC
5.0,2.5,1.35,1.3099968492046201,-0.000824947691767682,3,0.003757055690121358,FC
6.0,0.6,-0.25,0.7496158921806436,0.03315072597809362,3,0.0008178935103252405,FC*
6.0,0.6,0.0,0.8017929939559645,0.035846358529911505,3,0.0008709820675704139,FC*
6.0,0.6,0.25,0.8581137683137628,0.03883291207459475,3,0.0009333039535204257,FC*
6.0,0.6,0.5,0.9166666546282417,0.042147452635537874,3,0.0010077238061717564,FC*
6.0,0.6,0.75,0.9752195409427217,0.044767748861892165,3,0.0011715144725898963,FC*
6.0,0.6,1.0,1.0315403153005172,0.04878860172228842,3,0.0012935061499803613,FC*
6.0,0.6,1.35,1.1031016516819119,0.05511545412512483,3,0.0009495322166510611,FC*
6.0,0.8,-0.25,0.705014269435715,0.019735649664293493,3,0.0011916136655809595,FC*
6.0,0.8,0.0,0.7681576728252052,0.020747896979613285,3,0.0013241050772810903,FC*
6.0,0.8,0.25,0.839963079840809,0.02268944091098531,3,0.0013861060185500484,FC*
6.0,0.8,0.5,0.9166666546282417,0.024878186942497365,3,0.0014534910253509725,FC*
6.0,0.8,0.75,0.9933702294156737,0.027353440160944098,3,0.001527827874114096,FC*
6.0,0.8,1.0,1.0651756364312785,0.029120090743122162,3,0.0017481136207843084,FC*
6.0,0.8,1.35,1.1506420575722915,0.012804927335335966,3,0.0003567098872072627,FC
6.0,1.0,-0.25,0.6672690416473827,0.012090928170230905,3,0.0016438712324138294,FC*
6.0,1.0,0.0,0.7377493257910573,0.013270077616360973,3,0.001739047392572468,FC*
6.0,1.0,0.25,0.8228480730199782,0.01460598949995151,3,0.0018420003724753942,FC*
6.0,1.0,0.5,0.9166666546282413,0.015338210622492373,3,0.0020539272091177896,FC*
6.0,1.0,0.75,1.0104852362365058,0.016999240273497713,3,0.002189501074963296,FC*
6.0,1.0,1.0,1.095583983465427,0.0189060874785566,3,0.0023389580398649468,FC*
6.0,1.0,1.35,1.18960849874828,0.006665705118161743,3,0.0007674485006786691,FC
6.0,1.2,-0.25,0.6359956172198502,0.00832787798049354,3,0.0018454253881077243,FC*
6.0,1.2,0.0,0.7106744589476565,0.008589672292910818,3,0.0020375017450795507,FC*
6.0,1.2,0.25,0.8068866102733602,0.009512418615696147,3,0.0021766466082908664,FC*
6.0,1.2,0.5,0.9166666546282428,0.01056887910953086,3,0.002329552459522155,FC*
6.0,1.2,0.75,1.026446698983124,0.01178425790774936,3,0.002497983537582682,FC*
6.0,1.2,1.0,1.1226588503088257,0.0030690105341025045,3,0.0012919006688991708,FC
6.0,1.2,1.35,1.2208005899352867,0.0037045604006129182,3,0.001844681188917452,FC
6.0,1.4,-0.25,0.6104467395138431,0.005414095574734268,3,0.0020409366970605136,VFC
6.0,1.4,0.0,0.6868334300384946,0.0060122310892945325,3,0.0021844929371963584,FC*
6.0,1.4,0.25,0.7921372365400173,0.006697060818463256,3,0.002342877305810509,FC*
6.0,1.4,0.5,0.9166666546282413,0.007484908971684819,3,0.0025180522027720142,FC*
6.0,1.4,0.75,1.0411960727164649,0.0077042204489555415,3,0.0028146437903374677,FC*
6.0,1.4,1.0,1.1464998792179895,0.00171670618787186,3,0.0014238365101294503,FC
6.0,1.4,1.35,1.24538961448515,0.002086265449704139,3,0.0019526276188289726,FC
6.0,1.7,-0.25,0.5809602114546889,0.003644099762534917,3,0.0021061743078631956,VFC
6.0,1.7,0.0,0.6566141630894056,0.0036068476595954766,3,0.002323129768411647,FC*
6.0,1.7,0.25,0.7722946285454944,0.004060863774627961,3,0.0025010096517461555,FC*
6.0,1.7,0.5,0.9166666546282428,0.004041075039621552,3,0.002781565248456963,FC*
6.0,1.7,0.75,1.0610386807109886,0.0006222090506800004,3,0.0012414082492168133,FC
6.0,1.7,1.0,1.176719146167079,0.0007439869474975916,3,0.0013733828056109454,FC
6.0,1.7,1.35,1.272534445972043,0.0007870290632291203,3,0.0016633760937245223,FC
6.0,2.0,-0.25,0.5596422172065806,0.0017623362177710729,3,0.0022528581734285735,VFC
6.0,2.0,0.0,0.6321343654201929,0.002015179536134356,3,0.002425993329276954,FC*
6.0,2.0,0.25,0.7550721407030346,0.0023091209291912587,3,0.0026191620422649775,FC*
6.0,2.0,0.5,0.9166666546282419,0.0026525347925943077,3,0.0028354359420513786,FC*
6.0,2.0,0.75,1.0782611685534478,8.658310607521462e-05,3,0.0014478772811910567,FC
6.0,2.0,1.0,1.2011989438362898,0.00013421425757847993,3,0.0016105025906662518,FC
6.0,2.0,1.35,1.291115720748163,7.475718211774618e-05,3,0.0019468727625375215,FC
6.0,2.5,-0.25,0.5364071782363491,0.00011492569273034252,3,0.00238378128677863,VFC
6.0,2.5,0.0,0.6012982375018489,0.0008186393713500347,3,0.0024720455196630686,VFC
6.0,2.5,0.25,0.7315464168579217,0.0006239824333080605,3,0.002734033555763904,FC*
6.0,2.5,0.5,0.9166666546282424,0.0007832917111457727,3,0.0029690000814073247,FC*
6.0,2.5,0.75,1.1017868923985628,-0.00027038173026603757,3,0.001424043355874094,FC
6.0,2.5,1.0,1.2320350717546364,-0.00039533867142253304,3,0.0016338548652715112,FC
6.0,2.5,1.35,1.309997107189935,-0.0003925040169460529,3,0.0019083564851176682,FC
6.5,0.6,-0.25,0.7496159016755767,0.028938971961995536,3,0.00044431028158731234,FC*
6.5,0.6,0.0,0.8017930034508981,0.03117783851975568,3,0.0004393745520581138,FC*
6.5,0.6,0.25,0.8581137778086946,0.03364909820652828,3,0.0004344267180199646,FC*
6.5,0.6,0.5,0.9166666641231745,0.0363819475755048,3,0.000430540847657479,FC*
6.5,0.6,0.75,0.9752195504376536,0.03847620664222451,3,0.0005265520162688331,FC*
6.5,0.6,1.0,1.0315403247954518,0.041769086371726494,3,0.0005425354314959607,FC*
6.5,0.6,1.35,1.1031016611768452,0.04690537449543989,3,0.001526665774479019,FC*
6.5,0.8,-0.25,0.7050142789306476,0.017087794321736016,3,0.0010010400386250007,FC*
6.5,0.8,0.0,0.7681576823201371,0.017869554507715584,3,0.0011028416404669228,FC*
6.5,0.8,0.25,0.839963089335742,0.01944332312901198,3,0.0011462797224718324,FC*
6.5,0.8,0.5,0.9166666641231734,0.02120630142973005,3,0.001191864123059827,FC*
6.5,0.8,0.75,0.9933702389106065,0.02318728549408285,3,0.0012400265070646732,FC*
6.5,0.8,1.0,1.0651756459262123,0.024527228901564706,3,0.0013967898999603934,FC*
6.5,0.8,1.35,1.1506420670672253,0.00964394804862038,3,0.00021434167039335872,FC
6.5,1.0,-0.25,0.6672690511423145,0.01043060404199514,3,0.0013803845081311605,FC*
6.5,1.0,0.0,0.7377493352859915,0.01138591256129573,3,0.0014534926792676428,FC*
6.5,1.0,0.25,0.8228480825149102,0.012460032583507327,3,0.0015317684842962587,FC*
6.5,1.0,0.5,0.9166666641231741,0.012997474791577016,3,0.0016937595915340609,FC*
6.5,1.0,0.75,1.0104852457314384,0.01431042960950942,3,0.001793911980483176,FC*
6.5,1.0,1.0,1.0955839929603595,0.015804498389883886,3,0.0019024754967902346,FC*
6.5,1.0,1.35,1.1896085082432133,0.004816973521426145,3,0.000790790219420523,FC
6.5,1.2,-0.25,0.635995626714783,0.007178774542300907,3,0.0015479953105658195,FC*
6.5,1.2,0.0,0.7106744684425887,0.007359452866874154,3,0.0016978291452437455,FC*
6.5,1.2,0.25,0.8068866197682915,0.008099399844308667,3,0.001804511213977289,FC*
6.5,1.2,0.5,0.9166666641231744,0.008938972770255127,3,0.0019207553786613207,FC*
6.5,1.2,0.75,1.0264467084780569,0.009895615602976285,3,0.002047623039233004,FC*
6.5,1.2,1.0,1.122658859803759,0.002430611947177974,3,0.0008791934670189239,FC
6.5,1.2,1.35,1.2208005994302196,0.002739080390097256,3,0.0010469260786437617,FC
6.5,1.4,-0.25,0.6104467490087743,0.004668455606973894,3,0.001706719739970164,VFC
6.5,1.4,0.0,0.6868334395334261,0.0051527701054311,3,0.0018177305561228874,FC*
6.5,1.4,0.25,0.7921372460349508,0.005702331724241209,3,0.0019393007535106754,FC*
6.5,1.4,0.5,0.9166666641231748,0.006328511906308935,3,0.0020727075113892157,FC*
6.5,1.4,0.75,1.0411960822113993,0.00646326952318003,3,0.0022974397354843523,FC*
6.5,1.4,1.0,1.1464998887129225,0.0013406939469316297,3,0.0011942948506212803,FC
6.5,1.4,1.35,1.245389623980084,0.0016026234493291918,3,0.0015968085779589636,FC
6.5,1.7,-0.25,0.5809602209496209,0.0031487679505687316,3,0.0017612943303229045,VFC
6.5,1.7,0.0,0.6566141725843372,0.0030986567144597097,3,0.0019298166405391504,FC*
6.5,1.7,0.25,0.7722946380404284,0.0034645233948876752,3,0.002066168848341765,FC*
6.5,1.7,0.5,0.9166666641231741,0.0034240779520453937,3,0.00228002501393032,FC*
6.5,1.7,0.75,1.061038690205921,0.0005071466667189717,3,0.0011176631986749563,FC
6.5,1.7,1.0,1.1767191556620116,0.0005989526187298496,3,0.0012277899439984141,FC
6.5,1.7,1.35,1.2725344554669766,0.0006237069049433441,3,0.0014578496380099337,FC
6.5,2.0,-0.25,0.5596422267015148,0.0015345464106164182,3,0.0018785684296630523,VFC
6.5,2.0,0.0,0.632134374915126,0.0017420159954161611,3,0.0020120459298377247,FC*
6.5,2.0,0.25,0.7550721501979685,0.001980792157366055,3,0.002159785979928941,FC*
6.5,2.0,0.5,0.9166666641231741,0.002256743747827287,3,0.0023238112974838243,FC*
6.5,2.0,0.75,1.078261178048382,0.00012218089385179765,3,0.0011305895304803415,FC
6.5,2.0,1.0,1.2011989533312237,0.00016529026638884003,3,0.0012442442255031216,FC
6.5,2.0,1.35,1.2911157302430967,0.00012796638849186617,3,0.001475045117476259,FC
6.5,2.5,-0.25,0.5364071877312822,0.000125353642557835,3,0.001982736909604488,VFC
6.5,2.5,0.0,0.601298246996781,0.0007232043623647266,3,0.0020497058175752425,VFC
6.5,2.5,0.25,0.7315464263528543,0.0005563476732137566,3,0.0022503294155143405,FC*
6.5,2.5,0.5,0.9166666641231745,0.0006877765999869223,3,0.0024280086324368066,FC*
6.5,2.5,0.75,1.101786901893495,-0.00017218478289393602,3,0.0011160271397169241,FC
6.5,2.5,1.0,1.2320350812495684,-0.00026345987242865077,3,0.0012636520561513653,FC
6.5,2.5,1.35,1.3099971166848676,-0.00024754006510161836,3,0.0014522767644494783,FC
7.0,0.6,-0.25,0.7496159036815916,0.025318563539651118,3,0.0006325126779547219,FC*
7.0,0.6,0.0,0.8017930054569135,0.02718122422466603,3,0.0006617609141893466,FC*
7.0,0.6,0.25,0.8581137798147106,0.029229029588079974,3,0.0006941683785449682,FC*
7.0,0.6,0.5,0.9166666661291901,0.03148464020529514,3,0.000730521106044657,FC*
7.0,0.6,0.75,0.9752195524436708,0.033150725978093244,3,0.0008178935103245744,FC*
7.0,0.6,1.0,1.0315403268014671,0.03584635852991114,3,0.0008709820675698587,FC*
7.0,0.6,1.35,1.1031016631828618,0.04030922791734962,3,0.0009493805350213602,FC*
7.0,0.8,-0.25,0.705014280936664,0.014833231968730912,3,0.0009690444879493221,FC*
7.0,0.8,0.0,0.7681576843261526,0.01543418014552785,3,0.0010590942268405845,FC*
7.0,0.8,0.25,0.8399630913417583,0.01671570398006872,3,0.0011012418072691155,FC*
7.0,0.8,0.5,0.9166666661291911,0.018142516639928014,3,0.0011453502973204355,FC*
7.0,0.8,0.75,0.9933702409166237,0.019735649664293347,3,0.0011916136655807374,FC*
7.0,0.8,1.0,1.0651756479322279,0.0207478969796131,3,0.0013241050772823115,FC*
7.0,0.8,1.35,1.150642069073241,0.007366410643921147,3,0.00025770937568581065,FC
7.0,1.0,-0.25,0.6672690531483316,0.009009966229445387,3,0.0012819482432023799,FC*
7.0,1.0,0.0,0.7377493372920078,0.009787840560229633,3,0.0013476259501055132,FC*
7.0,1.0,0.25,0.8228480845209276,0.010656380065194685,3,0.0014178812713199207,FC*
7.0,1.0,0.5,0.9166666661291908,0.011046184150553954,3,0.0015557136747793576,FC*
7.0,1.0,0.75,1.0104852477374553,0.012090928170230867,3,0.0016438712324133853,FC*
7.0,1.0,1.0,1.0955839949663746,0.013270077616361084,3,0.0017390473925741334,FC*
7.0,1.0,1.35,1.1896085102492293,0.003872785067886501,3,0.0008388607160493278,FC
7.0,1.2,-0.25,0.6359956287207994,0.006183942456011948,3,0.0014175606329213108,FC*
7.0,1.2,0.0,0.7106744704486049,0.006302118505987497,3,0.0015447329569154844,FC*
7.0,1.2,0.25,0.8068866217743079,0.006898443693813612,3,0.0016367778246119125,FC*
7.0,1.2,0.5,0.9166666661291906,0.007569632292022825,3,0.0017367251102875514,FC*
7.0,1.2,0.75,1.0264467104840733,0.008327877980493984,3,0.0018454253881086125,FC*
7.0,1.2,1.0,1.1226588618097757,0.0018732645941935688,3,0.0010514861666574005,FC
7.0,1.2,1.35,1.2208006014362363,0.0021492418300324,3,0.0010071530998656542,FC
7.0,1.4,-0.25,0.6104467510147903,0.004006490613170377,3,0.0015454115820331404,VFC
7.0,1.4,0.0,0.686833441539442,0.004399587616301844,3,0.0016400956298862068,FC*
7.0,1.4,0.25,0.7921372480409659,0.004842150405186392,3,0.0017433179930654852,FC*
7.0,1.4,0.5,0.9166666661291902,0.005342187332174397,3,0.001856071075386878,FC*
7.0,1.4,0.75,1.0411960842174162,0.005414095574734453,3,0.0020409366970589593,FC*
7.0,1.4,1.0,1.14649989071894,0.00108509217630548,3,0.0008638255070781975,FC
7.0,1.4,1.35,1.2453896259860995,0.0012546263342397095,3,0.001239221858863493,FC
7.0,1.7,-0.25,0.5809602229556362,0.002693202009384721,3,0.0015879334492222563,VFC
7.0,1.7,0.0,0.6566141745903532,0.002632074965735106,3,0.0017285471228321025,FC*
7.0,1.7,0.25,0.7722946400464439,0.0029268265241137645,3,0.0018427101010954905,FC*
7.0,1.7,0.5,0.916666666129191,0.002869636873828981,3,0.002018217146884327,FC*
7.0,1.7,0.75,1.0610386922119375,0.00041438150771990384,3,0.0008319884883631334,FC
7.0,1.7,1.0,1.1767191576680285,0.0004846894475480368,3,0.0009044889808560996,FC
7.0,1.7,1.35,1.2725344574729947,0.0004970831443827558,3,0.0010565466188160455,FC
7.0,2.0,-0.25,0.5596422287075289,0.0012975294070621812,3,0.0016819271798476088,VFC
7.0,2.0,0.0,0.632134376921141,0.0014662544363206464,3,0.00179335726613028,FC*
7.0,2.0,0.25,0.7550721522039847,0.0016588390071680115,3,0.001915905349183733,FC*
7.0,2.0,0.5,0.9166666661291912,0.0018794282853212458,3,0.002051050926016873,FC*
7.0,2.0,0.75,1.0782611800543973,9.88592347235806e-05,3,0.0008493043248131715,FC
7.0,2.0,1.0,1.201198955337239,0.00013268855879979466,3,0.0009255213686231722,FC
7.0,2.0,1.35,1.2911157322491131,5.221769896076219e-05,3,0.0012257930907344505,FC
7.0,2.5,-0.25,0.5364071897372963,8.205221846246946e-05,3,0.0017650657315654295,VFC
7.0,2.5,0.0,0.6012982490027965,0.0005920339505160651,3,0.0018220568059944542,VFC
7.0,2.5,0.25,0.7315464283588698,0.00044348990067631194,3,0.0019863741309358862,FC*
7.0,2.5,0.5,0.9166666661291917,0.0005489760615678777,3,0.0021314129003216498,FC*
7.0,2.5,0.75,1.1017869038995116,-0.00017854785708903975,3,0.0009503143082316146,FC
7.0,2.5,1.0,1.2320350832555838,-0.0002548405556345168,3,0.0010633349769446632,FC
7.0,2.5,1.35,1.309997118690885,-0.00024532217389207817,3,0.001206316365028326,FC
